report_month,sl_no,ministry,sector,project_name,implementing_agency,project_id,legacy_ocms_code,pmgid,state,date_of_approval,start_date,original_doc,revised_doc,actual_date_of_completion,original_cost,revised_cost,completion_cost,cumulative_expenditure
2025-12,1,Department of Higher Education,Education,"Additional Infrastructure at IISc Bangalore-RCC Monolithic for Men Hostel S14, Women Hostel S11 , Postdoctoral Hostel S12 2 Block , International Hostel S 12 , D&E Block S 12 2 Block FR.",IISC Bangalore,610940,,,Karnataka,2021-08,2021-08,2024-03,2025-12,2025-12,420.41,420.41,367.92,367.92
2025-12,2,Department of Higher Education,Education,Hostel 4 -Earlier Known as Hostel 20,"Indian Institute of Technology, Bombay",612135,,,Maharashtra,2022-09,2023-12,2025-09,2025-12,2025-12,182.33,,178.17,178.17
2025-12,3,Department of Telecommunications,Telecommunication,OPTICAL TRANSPORT NETWORK [OTN] PH-4 IN BSNL,BSNL,709858,,,PAN India,2024-02,2024-02,2025-08,2025-10,2025-10,810.99,,786.86,786.86
2025-12,4,Ministry of Civil Aviation,Aviation & Aviation Infrastructure,"Construction of New Terminal Building, Second Link Taxi Track, Apron Expansion, and associated works at Prayagraj Airport- On Design & Build Basis.",Airport Authority of India [AAI],612063,,,Uttar Pradesh,2023-08,,2024-11,2025-10,2025-10,219.18,274.38,215.51,215.51
2025-12,5,Ministry of Coal,Coal,CHHAL OC SEAM III [6 MTY],South Eastern Coalfields Limited [SECL],400145,,,Chhattisgarh,2013-12,2013-12,2022-03,2026-01,2025-12,610.63,,583.26,583.26
2025-12,6,Ministry of Housing & Urban Affairs,Waste & Water,Nagpur Water Supply Infrastructure Project,Ministry of Housing & Urban Affairs,702842,,,Maharashtra,2015-12,2018-08,2023-03,2026-01,2026-01,273.78,271.86,267.57,267.57
2025-12,7,Ministry of Labour and Employment,Healthcare,Construction of 100 bedded ESIC Hospital & 32 nos. of Staff qtrs at OMPURA J&K.,Employee's State Insurance Company [ESIC],612239,,,Jammu and Kashmir,2019-09,2021-12,2024-09,2025-12,2025-12,131.05,164.93,162.05,162.05
2025-12,8,Ministry of Petroleum & Natural Gas,Oil & Gas,Debottlenecking and Augmentation of Cryogenic facilities at Uran LPG Import Terminal,"Department of Water Resources, River Development & GR",400158,,,Maharashtra,2021-04,2021-04,2024-02,2025-12,2025-12,1164.69,1629.86,1048.74,1048.74
2025-12,9,Ministry of Petroleum & Natural Gas,Oil & Gas,Construction of lube oil blending plant at Rasayani,Ministry of Petroleum & Natural Gas,610985,,,Maharashtra,2022-05,2022-05,2023-12,2025-12,2025-12,423.39,526.26,333.48,333.48
2025-12,10,Ministry of Power,Electricity Generation,BIKANER SOLAR POWER PROJECT,Satluj Jal Vidyut Nigam [SJVN] Thermal Limited,709748,,,Rajasthan,2021-10,2022-05,2024-04,2025-12,2025-12,5491.89,,5523.11,5523.11
2025-12,11,Ministry of Power,Electricity Generation,Khurja super Thermal Power Plant [2X660 MW],THDC India Limited,602194,,,Uttar Pradesh,2019-03,2019-08,2024-02,2025-09,2025-09,11089.42,13276.2,12888.23,12888.23
2025-12,12,Ministry of Power,Transmission & Distribution,Transmission system strengthening scheme for evacuation of power from solar energy zones in Rajasthan[8.1 GW] under phase-II- Part E,Power Grid Corporation of India Limited [POWERGRID],611659,,,Rajasthan,2023-03,2023-03,2024-09,2026-01,2026-01,1433.28,1433.0,1433.0,1433.0
2025-12,13,Ministry of Railways,Railways,Adraj Moti Vijapur 40 Kms,Western Railway (WR) - II,611937,,,Gujarat,2022-05,2022-05,2026-05,2025-12,2025-12,417.53,417.53,513.61,513.61
2025-12,14,Ministry of Railways,Railways,Western Region Video Surveillance Project,RCIL,705300,,,PAN India,2020-06,2023-04,2023-12,2026-07,2026-01,227.59,,0.0,0.0
2025-12,15,Ministry of Railways,Railways,"Phephna-Indara, Mau-Shahganj doubling excluding Indara-Mau",RVNL - I,705779,,,Uttar Pradesh,2017-05,2019-10,2024-12,2025-12,2025-12,1178.0,2215.0,2217.85,2217.85
2025-12,16,"Completed Projects During Month
DECEMBER 2025
Actual Date of Completion
Date of Approval (Orignal/Target DoC) Orignal Cost Cumulative
Sl.No Project Name (Agency) (Project Code) State (Start Date) (Revised DoC) Revised Cost Expenditure
MM/YYYY MM/YYYY in Rs. Crore in Rs. Crore
Janghai-Phaphamau Doubling Rail Line Project 01/2025
11/2018 357
16 (RVNL) Uttar Pradesh (03/2025) 844.84
(03/2020) (978.77)
705784 (01/2025)
Total (4) 2180.12 3576.3
Ministry of Steel
Steel
Installation of 4th Slab Caster along with its Auxiliaries and a New Ladle Furnace
NA
in SMS-II at Rourkela Steel Plant 01/2022 1105.23
17 Odisha (05/2025) 809.53
(Steel Authority of India Limited [SAIL]) (02/2022) (-)
(09/2025)
400065
Total (1) 1105.23 809.53
Note: Cumulative Expenditure is as per last reporting by Central Line Ministries/ Departments on the IPM portal, this may not be the actual
completion cost.",Railways,Janghai-Phaphamau Doubling Rail Line Project,RVNL,705784,,,Uttar Pradesh,2018-11,2020-03,2025-03,2025-01,2025-01,357.0,978.77,844.84,844.84
2025-12,17,Ministry of Steel,Steel,Installation of 4th Slab Caster along with its Auxiliaries and a New Ladle Furnace in SMS-II at Rourkela Steel Plant,Steel Authority of India Limited [SAIL],400065,,,Odisha,2022-01,2022-02,2025-05,2025-09,,1105.23,,809.53,809.53
2026-01,1,Ministry of Petroleum & Natural Gas,Energy Storage,"Setting up a common user Petroleum Terminal at Jammu, J&K for resitement of existing PSU OMC's Depots from Jammu City",Bharat Petroleum Corporation Limited [BPCL],400235,,,Jammu and Kashmir,2023-04,2023-04,2025-03,2026-01,2026-01,676.89,715.89,587.36,587.36
2026-01,2,Ministry of Power,Transmission & Distribution,Transmission scheme for evacuation of 4.5GW RE injection at Khavda PS under Phase II- Part C,Power Grid Corporation of India Limited [POWERGRID],611657,,,Gujarat,2023-03,2023-03,2025-03,2026-01,2026-01,2820.99,,2820.99,2820.99
2026-01,3,Ministry of Railways,Railways,Third Railway Line between Patratu-Sonnagar [291 kms],RVNL - II,400234,,,"Multi-States (Bihar,
Jharkhand)",2016-11,2018-08,2026-03,2026-07,2026-02,8975.0,8975.0,5690.22,5690.22
2026-02,1,Ministry of Housing & Urban Affairs,Waste & Water,Jaunpur Sewerage Management Infrastructure Project,Ministry of Housing & Urban Affairs,702948,,,Uttar Pradesh,2017-03,2019-08,2023-06,2026-03,2026-03,235.73,231.62,231.62,231.62
2026-02,2,Ministry of Petroleum & Natural Gas,Oil & Gas,Replacement and Extension of Jetty Pipelines [REJP] at KR,Bharat Petroleum Corporation Limited [BPCL],709790,,,Kerala,2023-03,2023-03,2026-03,2026-02,2026-02,621.87,372.0,220.0,220.0
2026-02,3,Ministry of Petroleum & Natural Gas,Oil & Gas,Installation of Independent De- Aromatized Solvents [DAS] production facilities at MR,Bharat Petroleum Corporation Limited [BPCL],709789,,,Maharashtra,2023-03,2023-03,2025-07,2026-02,2026-02,405.0,343.0,254.56,254.56
2026-02,4,Ministry of Petroleum & Natural Gas,Oil & Gas,"PP Project, Pata",Gas Authority of India Limited [GAIL],400161,,,Uttar Pradesh,2019-03,2019-03,2024-01,2026-02,2026-02,910.56,1299.02,1082.0,1082.0
2026-02,5,Ministry of Power,Transmission & Distribution,Transmission system for evacuation of power from REZ in Rajasthan 20 GW under Phase-III part B1,Power Grid Corporation of India Limited [POWERGRID],611950,,,Rajasthan,2023-09,2023-09,2025-04,2026-02,2026-03,2190.54,,2190.54,2190.54
2026-02,6,Ministry of Railways,Railways,Penukonda - Dharmavaram Doubling Project [41.5 Km],South Western Railway [SWR] - II,705789,,,Andhra Pradesh,2018-06,2018-12,2026-03,2026-03,2026-02,307.66,307.66,311.28,311.28
2026-02,7,Ministry of Railways,Railways,Quadrupling between Gandhidham Adipur with Y connection at Adipur for providing direct entry towards Mundra Port and Bhuj and high level platform at Gopalpur 11Kms,Western Railway [WR] - II,611944,,,Gujarat,2023-02,2023-02,2026-03,2026-01,2026-02,152.44,152.44,120.36,120.36
2026-02,8,Ministry of Railways,Railways,Trivandrum- Kanyakumari,Southern Railway [SR] - I,705635,,,"Multi-States (Kerala,
Tamil Nadu)",2017-08,2016-03,2025-03,2026-12,2026-03,1432.0,3785.45,2882.55,2882.55
2026-02,9,Ministry of Road Transport & Highways,Roads & Highways,Construction of 2-Laning with hard shoulders of Hayuliang Hawai bypass Road on EPC basis from design Km. 51.825 to Km. 63.131 Existing Km 45.050 of HayuliangHawai road to Hawai Town under SARDP-NE -Balance work Pkg - IV,NHIDCL,618424,,,Arunachal Pradesh,2017-01,2021-05,2023-05,2026-07,,256.66,216.76,0.0,0.0
2026-03,1,Department of Telecommunications,Telecommunication,354 Uncovered Villages Scheme,Department of Telecommunications [DoT],701600,,,"Multi-States (Bihar,
Gujarat, Himachal
Pradesh, Jammu and
Kashmir, Ladakh,
Rajasthan, Uttar
Pradesh)",2019-12,2020-04,2021-10,2025-08,,336.89,301.13,246.04,246.04
2026-03,2,Ministry of Housing & Urban Affairs,Urban Public Transport,"Ahmedabad Metro Rail Project, Phase-II",Gujarat Metro Rail Corporation Limited [GMRCL],702631,,,Gujarat,2019-03,2019-03,2024-03,2025-12,,5384.17,,5358.41,5358.41
2026-03,3,Ministry of Housing & Urban Affairs,Urban Public Transport,Delhi-Ghaziabad-Meerut Regional Rapid Transit System [RRTS] corridor,National Capital Region Transport Corporation [NCRTC],702633,,,"Multi-States (Delhi, Uttar
Pradesh)",2019-03,2019-03,2025-06,2026-02,2026-02,30274.0,30274.0,27950.13,27950.13
2026-03,4,Ministry of Labour and Employment,Healthcare,C/o Construction of 200 bedded [Up-gradable to 300 bedded] ESI Hospital at Surat Gujarat.,Employee's State Insurance Company [ESIC],612185,,,Gujarat,2019-06,2021-03,2025-06,2026-01,,209.36,,202.62,202.62
2026-03,5,Ministry of Petroleum & Natural Gas,Energy Storage,Construction of Aviation Fuel farm Facilities at Bhogapuram Airport,Ministry of Petroleum & Natural Gas,616235,,,Andhra Pradesh,2024-08,2024-08,2026-03,2026-03,2026-03,240.0,240.0,152.91,152.91
2026-03,6,Ministry of Petroleum & Natural Gas,Energy Storage,"Grass root POL Terminal at Vallur, Chennai",Indian Oil Corporation Limited [IOCL],400077,,,Tamil Nadu,2022-01,2022-01,2024-12,2026-03,2026-03,827.0,887.71,661.1,661.1
2026-03,7,Ministry of Petroleum & Natural Gas,Oil & Gas,"City Gas Distribution Project at Kurnool, Guntur & Prakasam Districts",MinistryofPetroleumNaturalGas,709766,,,Andhra Pradesh,2022-03,2022-03,2030-03,2026-03,2026-03,1420.0,1420.0,171.55,171.55
2026-03,8,Ministry of Petroleum & Natural Gas,Oil & Gas,Part Replacement Pipeline Project [PRPP],Oil and Natural Gas Corporation Limited [ONGC],709846,,,Maharashtra,2022-11,2022-11,2024-05,2026-03,2026-03,1219.48,1145.1,833.21,833.21
2026-03,9,Ministry of Petroleum & Natural Gas,Oil & Gas,Upgradation of Facilities of Numaligarh-Siliguri Product Pipeline [NSPL] for transportation of additional products from existing 1.72 MMTPA to 5.5 MMTPA,Ministry of Petroleum & Natural Gas,701350,,,"Multi-States (Assam,
West Bengal)",2021-06,2021-06,2024-12,2026-03,2026-03,860.0,750.0,639.43,639.43
2026-03,10,"Ministry of Ports, Shipping and Waterways",Shipping,Construction of oil jetty No.8 at old kandla through internal resources,Deendayal Port Trust [DPT],701568,,,Gujarat,2018-02,2021-02,2023-02,2024-07,2024-03,100.0,225.85,186.47,186.47
2026-03,11,"Ministry of Ports, Shipping and Waterways",Shipping,Berth No. 2 [previously Berth 3] of HDC Mechanization Project,"Haldia Dock Complex, Syama Prasad Mookerjee Port Authority",701576,,,West Bengal,2022-11,2023-03,2025-09,2026-01,2026-01,298.26,298.26,480.0,480.0
2026-03,12,Ministry of Power,Electricity Generation,Tehri Pumped Storage Plant Project [4x250 MW],THDC India Limited,602193,,,Uttarakhand,2006-07,2011-06,2022-06,2026-04,2026-04,4825.6,8339.0,8267.03,8267.03
2026-03,13,Ministry of Power,Transmission & Distribution,Augmentation of 1x1500 MVA 3rd 765/400 kV transformation capacity at Kurnool New Substation,Power Grid Corporation of India Limited [POWERGRID],612856,,,Andhra Pradesh,2023-05,2023-12,2025-09,2026-03,2026-03,163.61,,163.61,163.61
2026-03,14,Ministry of Railways,Railways,Katni - Bina Third Railway Line [279 km],West Central Railway WCR I,705651,,,Madhya Pradesh,2016-06,2017-01,2022-03,2026-02,2026-03,2478.23,4127.23,3368.11,3368.11
2026-03,15,Ministry of Railways,Railways,Hotgi-Kudgi-Gadag Doubling Project,South Western Railway [SWR] - II,705662,,,"Multi-States (Karnataka,
Maharashtra)",2014-04,2016-01,2024-12,2026-03,2026-03,1878.0,2459.0,2771.29,2771.29
2026-03,16,Ministry of Road Transport & Highways,Roads & Highways,"6L Standalone Flyovers at Bongaigaon, Chapaguri, Pathsala, Simlaguri chowk and Baihata Bypass Junctions on stretches of NH-31 and NH-27",National Highways Authority of India [NHAI],618575,,,Assam,2022-03,2023-01,2024-07,2026-02,,457.72,412.15,371.63,371.63
2026-03,17,"Completed Projects During Month
MARCH 2026
Actual Date of Completion
Date of Approval (Orignal/Target DoC) Orignal Cost Cumulative
Sl.No Project Name (Agency) (Project Code) State (Start Date) (Revised DoC) Revised Cost Expenditure
MM/YYYY MM/YYYY in Rs. Crore in Rs. Crore
Delhi-Vadodara Greenfield Alignment NH-148N Pkg-30 Ch 803420 to Ch.824920
NA
[Baletiya Village - Junction near Pratap Nagar Village] 11/2019 1800.73
17 Gujarat (09/2023) 1090.06
(National Highways Authority of India [NHAI]) (09/2021) (1800.73)
(01/2026)
618461
Construction of Tunnels/Viaducts at identified sliding/slip zones at Km 130.550 to
Km.130.750 Km. 131.170 to Km. 131.763 Km. 132.560 to Km. 133.168 Km.
NA
133.590 to Km. 133.743 and Km. 147.877 to Km. 148.715 of Udhampur-Ramban 09/2021 442.14
18 Jammu and Kashmir (10/2023) 458.86
section of NH-44 (04/2022) (533.11)
(12/2025)
(National Highways Authority of India [NHAI])
618546
Stand-alone Ring road/bypass around Jammu City from Raya Morh km. -0.687 to
NA
Jagti km. 57.568 12/2017 2023.88
19 Jammu and Kashmir (01/2021) 996.53
(National Highways Authority of India [NHAI]) (01/2018) (2117.63)
(01/2026)
618548
4L of Byrapura to Challakere Section from km 308.550 to km 358.500 of NH-150
NA
A 03/2018 796.77
20 Karnataka (12/2020) 430.26
(National Highways Authority of India [NHAI]) (12/2018) (1195.54)
(03/2026)
619115
Bellary to Byrapura Section km 253.600 to km 308.550 of NH-150A NA
Multi-States (Andhra 03/2018 1281.47
21 (National Highways Authority of India [NHAI]) (10/2021) 553.21
Pradesh, Karnataka) (10/2019) (1689.6)
618696 (03/2026)
4L of Nagina-Kashipur section from km. 73.00 to km. 175.00 of NH-74 NA
Multi-States (Uttar 01/2015 2125.03
22 (National Highways Authority of India [NHAI]) (04/2020) 496.78
Pradesh, Uttarakhand) (10/2017) (2531.19)
618876 (02/2026)
6L of IT City Chowk to Kurali Chandigarh Road NA
03/2021 1525.31
23 (National Highways Authority of India [NHAI]) Punjab (10/2024) 1695.39
(10/2022) (1936.54)
618789 (12/2025)
4L Rampur Bypass from Km. 181.000 to Km. 189.500 NA
10/2021 364.47
24 (National Highways Authority of India [NHAI]) Uttar Pradesh (04/2024) 272.05
(10/2022) (307.95)
618689 (03/2026)
Total (9) 10817.52 6364.77
Ministry of Steel
Steel
CONSTRUCTION OF RESIDENTIAL TOWERS AT BIOM KIRANDUL COMPLEX 03/2026
07/2021 349.75
25 (National Mineral Development Corporation Limited [NMDC]) Chhattisgarh (12/2025) 326.85
(10/2022) (-)
709827 (03/2026)
Total (1) 349.75 326.85
Note: Cumulative Expenditure is as per last reporting by Central Line Ministries/ Departments on the IPM portal, this may not be the actual
completion cost.",Roads & Highways,Delhi-Vadodara Greenfield Alignment NH-148N Pkg-30 Ch 803420 to Ch.824920 [Baletiya Village - Junction near Pratap Nagar Village],National Highways Authority of India [NHAI],618461,,,Gujarat,2019-11,2021-09,2023-09,2026-01,,1800.73,1800.73,1090.06,1090.06
2026-03,18,"Completed Projects During Month
MARCH 2026
Actual Date of Completion
Date of Approval (Orignal/Target DoC) Orignal Cost Cumulative
Sl.No Project Name (Agency) (Project Code) State (Start Date) (Revised DoC) Revised Cost Expenditure
MM/YYYY MM/YYYY in Rs. Crore in Rs. Crore
Delhi-Vadodara Greenfield Alignment NH-148N Pkg-30 Ch 803420 to Ch.824920
NA
[Baletiya Village - Junction near Pratap Nagar Village] 11/2019 1800.73
17 Gujarat (09/2023) 1090.06
(National Highways Authority of India [NHAI]) (09/2021) (1800.73)
(01/2026)
618461
Construction of Tunnels/Viaducts at identified sliding/slip zones at Km 130.550 to
Km.130.750 Km. 131.170 to Km. 131.763 Km. 132.560 to Km. 133.168 Km.
NA
133.590 to Km. 133.743 and Km. 147.877 to Km. 148.715 of Udhampur-Ramban 09/2021 442.14
18 Jammu and Kashmir (10/2023) 458.86
section of NH-44 (04/2022) (533.11)
(12/2025)
(National Highways Authority of India [NHAI])
618546
Stand-alone Ring road/bypass around Jammu City from Raya Morh km. -0.687 to
NA
Jagti km. 57.568 12/2017 2023.88
19 Jammu and Kashmir (01/2021) 996.53
(National Highways Authority of India [NHAI]) (01/2018) (2117.63)
(01/2026)
618548
4L of Byrapura to Challakere Section from km 308.550 to km 358.500 of NH-150
NA
A 03/2018 796.77
20 Karnataka (12/2020) 430.26
(National Highways Authority of India [NHAI]) (12/2018) (1195.54)
(03/2026)
619115
Bellary to Byrapura Section km 253.600 to km 308.550 of NH-150A NA
Multi-States (Andhra 03/2018 1281.47
21 (National Highways Authority of India [NHAI]) (10/2021) 553.21
Pradesh, Karnataka) (10/2019) (1689.6)
618696 (03/2026)
4L of Nagina-Kashipur section from km. 73.00 to km. 175.00 of NH-74 NA
Multi-States (Uttar 01/2015 2125.03
22 (National Highways Authority of India [NHAI]) (04/2020) 496.78
Pradesh, Uttarakhand) (10/2017) (2531.19)
618876 (02/2026)
6L of IT City Chowk to Kurali Chandigarh Road NA
03/2021 1525.31
23 (National Highways Authority of India [NHAI]) Punjab (10/2024) 1695.39
(10/2022) (1936.54)
618789 (12/2025)
4L Rampur Bypass from Km. 181.000 to Km. 189.500 NA
10/2021 364.47
24 (National Highways Authority of India [NHAI]) Uttar Pradesh (04/2024) 272.05
(10/2022) (307.95)
618689 (03/2026)
Total (9) 10817.52 6364.77
Ministry of Steel
Steel
CONSTRUCTION OF RESIDENTIAL TOWERS AT BIOM KIRANDUL COMPLEX 03/2026
07/2021 349.75
25 (National Mineral Development Corporation Limited [NMDC]) Chhattisgarh (12/2025) 326.85
(10/2022) (-)
709827 (03/2026)
Total (1) 349.75 326.85
Note: Cumulative Expenditure is as per last reporting by Central Line Ministries/ Departments on the IPM portal, this may not be the actual
completion cost.",Roads & Highways,Construction of Tunnels/Viaducts at identified sliding/slip zones at Km 130.550 to Km.130.750 Km. 131.170 to Km. 131.763 Km. 132.560 to Km. 133.168 Km. 133.590 to Km. 133.743 and Km. 147.877 to Km. 148.715 of Udhampur-Ramban section of NH-44,National Highways Authority of India [NHAI],618546,,,Jammu and Kashmir,2021-09,2022-04,2023-10,2025-12,,442.14,533.11,458.86,458.86
2026-03,19,"Completed Projects During Month
MARCH 2026
Actual Date of Completion
Date of Approval (Orignal/Target DoC) Orignal Cost Cumulative
Sl.No Project Name (Agency) (Project Code) State (Start Date) (Revised DoC) Revised Cost Expenditure
MM/YYYY MM/YYYY in Rs. Crore in Rs. Crore
Delhi-Vadodara Greenfield Alignment NH-148N Pkg-30 Ch 803420 to Ch.824920
NA
[Baletiya Village - Junction near Pratap Nagar Village] 11/2019 1800.73
17 Gujarat (09/2023) 1090.06
(National Highways Authority of India [NHAI]) (09/2021) (1800.73)
(01/2026)
618461
Construction of Tunnels/Viaducts at identified sliding/slip zones at Km 130.550 to
Km.130.750 Km. 131.170 to Km. 131.763 Km. 132.560 to Km. 133.168 Km.
NA
133.590 to Km. 133.743 and Km. 147.877 to Km. 148.715 of Udhampur-Ramban 09/2021 442.14
18 Jammu and Kashmir (10/2023) 458.86
section of NH-44 (04/2022) (533.11)
(12/2025)
(National Highways Authority of India [NHAI])
618546
Stand-alone Ring road/bypass around Jammu City from Raya Morh km. -0.687 to
NA
Jagti km. 57.568 12/2017 2023.88
19 Jammu and Kashmir (01/2021) 996.53
(National Highways Authority of India [NHAI]) (01/2018) (2117.63)
(01/2026)
618548
4L of Byrapura to Challakere Section from km 308.550 to km 358.500 of NH-150
NA
A 03/2018 796.77
20 Karnataka (12/2020) 430.26
(National Highways Authority of India [NHAI]) (12/2018) (1195.54)
(03/2026)
619115
Bellary to Byrapura Section km 253.600 to km 308.550 of NH-150A NA
Multi-States (Andhra 03/2018 1281.47
21 (National Highways Authority of India [NHAI]) (10/2021) 553.21
Pradesh, Karnataka) (10/2019) (1689.6)
618696 (03/2026)
4L of Nagina-Kashipur section from km. 73.00 to km. 175.00 of NH-74 NA
Multi-States (Uttar 01/2015 2125.03
22 (National Highways Authority of India [NHAI]) (04/2020) 496.78
Pradesh, Uttarakhand) (10/2017) (2531.19)
618876 (02/2026)
6L of IT City Chowk to Kurali Chandigarh Road NA
03/2021 1525.31
23 (National Highways Authority of India [NHAI]) Punjab (10/2024) 1695.39
(10/2022) (1936.54)
618789 (12/2025)
4L Rampur Bypass from Km. 181.000 to Km. 189.500 NA
10/2021 364.47
24 (National Highways Authority of India [NHAI]) Uttar Pradesh (04/2024) 272.05
(10/2022) (307.95)
618689 (03/2026)
Total (9) 10817.52 6364.77
Ministry of Steel
Steel
CONSTRUCTION OF RESIDENTIAL TOWERS AT BIOM KIRANDUL COMPLEX 03/2026
07/2021 349.75
25 (National Mineral Development Corporation Limited [NMDC]) Chhattisgarh (12/2025) 326.85
(10/2022) (-)
709827 (03/2026)
Total (1) 349.75 326.85
Note: Cumulative Expenditure is as per last reporting by Central Line Ministries/ Departments on the IPM portal, this may not be the actual
completion cost.",Roads & Highways,Stand-alone Ring road/bypass around Jammu City from Raya Morh km. -0.687 to Jagti km. 57.568,National Highways Authority of India [NHAI],618548,,,Jammu and Kashmir,2017-12,2018-01,2021-01,2026-01,,2023.88,2117.63,996.53,996.53
2026-03,20,"Completed Projects During Month
MARCH 2026
Actual Date of Completion
Date of Approval (Orignal/Target DoC) Orignal Cost Cumulative
Sl.No Project Name (Agency) (Project Code) State (Start Date) (Revised DoC) Revised Cost Expenditure
MM/YYYY MM/YYYY in Rs. Crore in Rs. Crore
Delhi-Vadodara Greenfield Alignment NH-148N Pkg-30 Ch 803420 to Ch.824920
NA
[Baletiya Village - Junction near Pratap Nagar Village] 11/2019 1800.73
17 Gujarat (09/2023) 1090.06
(National Highways Authority of India [NHAI]) (09/2021) (1800.73)
(01/2026)
618461
Construction of Tunnels/Viaducts at identified sliding/slip zones at Km 130.550 to
Km.130.750 Km. 131.170 to Km. 131.763 Km. 132.560 to Km. 133.168 Km.
NA
133.590 to Km. 133.743 and Km. 147.877 to Km. 148.715 of Udhampur-Ramban 09/2021 442.14
18 Jammu and Kashmir (10/2023) 458.86
section of NH-44 (04/2022) (533.11)
(12/2025)
(National Highways Authority of India [NHAI])
618546
Stand-alone Ring road/bypass around Jammu City from Raya Morh km. -0.687 to
NA
Jagti km. 57.568 12/2017 2023.88
19 Jammu and Kashmir (01/2021) 996.53
(National Highways Authority of India [NHAI]) (01/2018) (2117.63)
(01/2026)
618548
4L of Byrapura to Challakere Section from km 308.550 to km 358.500 of NH-150
NA
A 03/2018 796.77
20 Karnataka (12/2020) 430.26
(National Highways Authority of India [NHAI]) (12/2018) (1195.54)
(03/2026)
619115
Bellary to Byrapura Section km 253.600 to km 308.550 of NH-150A NA
Multi-States (Andhra 03/2018 1281.47
21 (National Highways Authority of India [NHAI]) (10/2021) 553.21
Pradesh, Karnataka) (10/2019) (1689.6)
618696 (03/2026)
4L of Nagina-Kashipur section from km. 73.00 to km. 175.00 of NH-74 NA
Multi-States (Uttar 01/2015 2125.03
22 (National Highways Authority of India [NHAI]) (04/2020) 496.78
Pradesh, Uttarakhand) (10/2017) (2531.19)
618876 (02/2026)
6L of IT City Chowk to Kurali Chandigarh Road NA
03/2021 1525.31
23 (National Highways Authority of India [NHAI]) Punjab (10/2024) 1695.39
(10/2022) (1936.54)
618789 (12/2025)
4L Rampur Bypass from Km. 181.000 to Km. 189.500 NA
10/2021 364.47
24 (National Highways Authority of India [NHAI]) Uttar Pradesh (04/2024) 272.05
(10/2022) (307.95)
618689 (03/2026)
Total (9) 10817.52 6364.77
Ministry of Steel
Steel
CONSTRUCTION OF RESIDENTIAL TOWERS AT BIOM KIRANDUL COMPLEX 03/2026
07/2021 349.75
25 (National Mineral Development Corporation Limited [NMDC]) Chhattisgarh (12/2025) 326.85
(10/2022) (-)
709827 (03/2026)
Total (1) 349.75 326.85
Note: Cumulative Expenditure is as per last reporting by Central Line Ministries/ Departments on the IPM portal, this may not be the actual
completion cost.",Roads & Highways,4L of Byrapura to Challakere Section from km 308.550 to km 358.500 of NH-150 A,National Highways Authority of India [NHAI],619115,,,Karnataka,2018-03,2018-12,2020-12,2026-03,,796.77,1195.54,430.26,430.26
2026-03,21,"Completed Projects During Month
MARCH 2026
Actual Date of Completion
Date of Approval (Orignal/Target DoC) Orignal Cost Cumulative
Sl.No Project Name (Agency) (Project Code) State (Start Date) (Revised DoC) Revised Cost Expenditure
MM/YYYY MM/YYYY in Rs. Crore in Rs. Crore
Delhi-Vadodara Greenfield Alignment NH-148N Pkg-30 Ch 803420 to Ch.824920
NA
[Baletiya Village - Junction near Pratap Nagar Village] 11/2019 1800.73
17 Gujarat (09/2023) 1090.06
(National Highways Authority of India [NHAI]) (09/2021) (1800.73)
(01/2026)
618461
Construction of Tunnels/Viaducts at identified sliding/slip zones at Km 130.550 to
Km.130.750 Km. 131.170 to Km. 131.763 Km. 132.560 to Km. 133.168 Km.
NA
133.590 to Km. 133.743 and Km. 147.877 to Km. 148.715 of Udhampur-Ramban 09/2021 442.14
18 Jammu and Kashmir (10/2023) 458.86
section of NH-44 (04/2022) (533.11)
(12/2025)
(National Highways Authority of India [NHAI])
618546
Stand-alone Ring road/bypass around Jammu City from Raya Morh km. -0.687 to
NA
Jagti km. 57.568 12/2017 2023.88
19 Jammu and Kashmir (01/2021) 996.53
(National Highways Authority of India [NHAI]) (01/2018) (2117.63)
(01/2026)
618548
4L of Byrapura to Challakere Section from km 308.550 to km 358.500 of NH-150
NA
A 03/2018 796.77
20 Karnataka (12/2020) 430.26
(National Highways Authority of India [NHAI]) (12/2018) (1195.54)
(03/2026)
619115
Bellary to Byrapura Section km 253.600 to km 308.550 of NH-150A NA
Multi-States (Andhra 03/2018 1281.47
21 (National Highways Authority of India [NHAI]) (10/2021) 553.21
Pradesh, Karnataka) (10/2019) (1689.6)
618696 (03/2026)
4L of Nagina-Kashipur section from km. 73.00 to km. 175.00 of NH-74 NA
Multi-States (Uttar 01/2015 2125.03
22 (National Highways Authority of India [NHAI]) (04/2020) 496.78
Pradesh, Uttarakhand) (10/2017) (2531.19)
618876 (02/2026)
6L of IT City Chowk to Kurali Chandigarh Road NA
03/2021 1525.31
23 (National Highways Authority of India [NHAI]) Punjab (10/2024) 1695.39
(10/2022) (1936.54)
618789 (12/2025)
4L Rampur Bypass from Km. 181.000 to Km. 189.500 NA
10/2021 364.47
24 (National Highways Authority of India [NHAI]) Uttar Pradesh (04/2024) 272.05
(10/2022) (307.95)
618689 (03/2026)
Total (9) 10817.52 6364.77
Ministry of Steel
Steel
CONSTRUCTION OF RESIDENTIAL TOWERS AT BIOM KIRANDUL COMPLEX 03/2026
07/2021 349.75
25 (National Mineral Development Corporation Limited [NMDC]) Chhattisgarh (12/2025) 326.85
(10/2022) (-)
709827 (03/2026)
Total (1) 349.75 326.85
Note: Cumulative Expenditure is as per last reporting by Central Line Ministries/ Departments on the IPM portal, this may not be the actual
completion cost.",Roads & Highways,Bellary to Byrapura Section km 253.600 to km 308.550 of NH-150A,National Highways Authority of India [NHAI],618696,,,"Multi-States (Andhra
Pradesh, Karnataka)",2018-03,2019-10,2021-10,2026-03,,1281.47,1689.6,553.21,553.21
2026-03,22,"Completed Projects During Month
MARCH 2026
Actual Date of Completion
Date of Approval (Orignal/Target DoC) Orignal Cost Cumulative
Sl.No Project Name (Agency) (Project Code) State (Start Date) (Revised DoC) Revised Cost Expenditure
MM/YYYY MM/YYYY in Rs. Crore in Rs. Crore
Delhi-Vadodara Greenfield Alignment NH-148N Pkg-30 Ch 803420 to Ch.824920
NA
[Baletiya Village - Junction near Pratap Nagar Village] 11/2019 1800.73
17 Gujarat (09/2023) 1090.06
(National Highways Authority of India [NHAI]) (09/2021) (1800.73)
(01/2026)
618461
Construction of Tunnels/Viaducts at identified sliding/slip zones at Km 130.550 to
Km.130.750 Km. 131.170 to Km. 131.763 Km. 132.560 to Km. 133.168 Km.
NA
133.590 to Km. 133.743 and Km. 147.877 to Km. 148.715 of Udhampur-Ramban 09/2021 442.14
18 Jammu and Kashmir (10/2023) 458.86
section of NH-44 (04/2022) (533.11)
(12/2025)
(National Highways Authority of India [NHAI])
618546
Stand-alone Ring road/bypass around Jammu City from Raya Morh km. -0.687 to
NA
Jagti km. 57.568 12/2017 2023.88
19 Jammu and Kashmir (01/2021) 996.53
(National Highways Authority of India [NHAI]) (01/2018) (2117.63)
(01/2026)
618548
4L of Byrapura to Challakere Section from km 308.550 to km 358.500 of NH-150
NA
A 03/2018 796.77
20 Karnataka (12/2020) 430.26
(National Highways Authority of India [NHAI]) (12/2018) (1195.54)
(03/2026)
619115
Bellary to Byrapura Section km 253.600 to km 308.550 of NH-150A NA
Multi-States (Andhra 03/2018 1281.47
21 (National Highways Authority of India [NHAI]) (10/2021) 553.21
Pradesh, Karnataka) (10/2019) (1689.6)
618696 (03/2026)
4L of Nagina-Kashipur section from km. 73.00 to km. 175.00 of NH-74 NA
Multi-States (Uttar 01/2015 2125.03
22 (National Highways Authority of India [NHAI]) (04/2020) 496.78
Pradesh, Uttarakhand) (10/2017) (2531.19)
618876 (02/2026)
6L of IT City Chowk to Kurali Chandigarh Road NA
03/2021 1525.31
23 (National Highways Authority of India [NHAI]) Punjab (10/2024) 1695.39
(10/2022) (1936.54)
618789 (12/2025)
4L Rampur Bypass from Km. 181.000 to Km. 189.500 NA
10/2021 364.47
24 (National Highways Authority of India [NHAI]) Uttar Pradesh (04/2024) 272.05
(10/2022) (307.95)
618689 (03/2026)
Total (9) 10817.52 6364.77
Ministry of Steel
Steel
CONSTRUCTION OF RESIDENTIAL TOWERS AT BIOM KIRANDUL COMPLEX 03/2026
07/2021 349.75
25 (National Mineral Development Corporation Limited [NMDC]) Chhattisgarh (12/2025) 326.85
(10/2022) (-)
709827 (03/2026)
Total (1) 349.75 326.85
Note: Cumulative Expenditure is as per last reporting by Central Line Ministries/ Departments on the IPM portal, this may not be the actual
completion cost.",Roads & Highways,4L of Nagina-Kashipur section from km. 73.00 to km. 175.00 of NH-74,National Highways Authority of India [NHAI],618876,,,"Multi-States (Uttar
Pradesh, Uttarakhand)",2015-01,2017-10,2020-04,2026-02,,2125.03,2531.19,496.78,496.78
2026-03,23,"Completed Projects During Month
MARCH 2026
Actual Date of Completion
Date of Approval (Orignal/Target DoC) Orignal Cost Cumulative
Sl.No Project Name (Agency) (Project Code) State (Start Date) (Revised DoC) Revised Cost Expenditure
MM/YYYY MM/YYYY in Rs. Crore in Rs. Crore
Delhi-Vadodara Greenfield Alignment NH-148N Pkg-30 Ch 803420 to Ch.824920
NA
[Baletiya Village - Junction near Pratap Nagar Village] 11/2019 1800.73
17 Gujarat (09/2023) 1090.06
(National Highways Authority of India [NHAI]) (09/2021) (1800.73)
(01/2026)
618461
Construction of Tunnels/Viaducts at identified sliding/slip zones at Km 130.550 to
Km.130.750 Km. 131.170 to Km. 131.763 Km. 132.560 to Km. 133.168 Km.
NA
133.590 to Km. 133.743 and Km. 147.877 to Km. 148.715 of Udhampur-Ramban 09/2021 442.14
18 Jammu and Kashmir (10/2023) 458.86
section of NH-44 (04/2022) (533.11)
(12/2025)
(National Highways Authority of India [NHAI])
618546
Stand-alone Ring road/bypass around Jammu City from Raya Morh km. -0.687 to
NA
Jagti km. 57.568 12/2017 2023.88
19 Jammu and Kashmir (01/2021) 996.53
(National Highways Authority of India [NHAI]) (01/2018) (2117.63)
(01/2026)
618548
4L of Byrapura to Challakere Section from km 308.550 to km 358.500 of NH-150
NA
A 03/2018 796.77
20 Karnataka (12/2020) 430.26
(National Highways Authority of India [NHAI]) (12/2018) (1195.54)
(03/2026)
619115
Bellary to Byrapura Section km 253.600 to km 308.550 of NH-150A NA
Multi-States (Andhra 03/2018 1281.47
21 (National Highways Authority of India [NHAI]) (10/2021) 553.21
Pradesh, Karnataka) (10/2019) (1689.6)
618696 (03/2026)
4L of Nagina-Kashipur section from km. 73.00 to km. 175.00 of NH-74 NA
Multi-States (Uttar 01/2015 2125.03
22 (National Highways Authority of India [NHAI]) (04/2020) 496.78
Pradesh, Uttarakhand) (10/2017) (2531.19)
618876 (02/2026)
6L of IT City Chowk to Kurali Chandigarh Road NA
03/2021 1525.31
23 (National Highways Authority of India [NHAI]) Punjab (10/2024) 1695.39
(10/2022) (1936.54)
618789 (12/2025)
4L Rampur Bypass from Km. 181.000 to Km. 189.500 NA
10/2021 364.47
24 (National Highways Authority of India [NHAI]) Uttar Pradesh (04/2024) 272.05
(10/2022) (307.95)
618689 (03/2026)
Total (9) 10817.52 6364.77
Ministry of Steel
Steel
CONSTRUCTION OF RESIDENTIAL TOWERS AT BIOM KIRANDUL COMPLEX 03/2026
07/2021 349.75
25 (National Mineral Development Corporation Limited [NMDC]) Chhattisgarh (12/2025) 326.85
(10/2022) (-)
709827 (03/2026)
Total (1) 349.75 326.85
Note: Cumulative Expenditure is as per last reporting by Central Line Ministries/ Departments on the IPM portal, this may not be the actual
completion cost.",Roads & Highways,6L of IT City Chowk to Kurali Chandigarh Road,National Highways Authority of India [NHAI],618789,,,Punjab,2021-03,2022-10,2024-10,2025-12,,1525.31,1936.54,1695.39,1695.39
2026-03,24,"Completed Projects During Month
MARCH 2026
Actual Date of Completion
Date of Approval (Orignal/Target DoC) Orignal Cost Cumulative
Sl.No Project Name (Agency) (Project Code) State (Start Date) (Revised DoC) Revised Cost Expenditure
MM/YYYY MM/YYYY in Rs. Crore in Rs. Crore
Delhi-Vadodara Greenfield Alignment NH-148N Pkg-30 Ch 803420 to Ch.824920
NA
[Baletiya Village - Junction near Pratap Nagar Village] 11/2019 1800.73
17 Gujarat (09/2023) 1090.06
(National Highways Authority of India [NHAI]) (09/2021) (1800.73)
(01/2026)
618461
Construction of Tunnels/Viaducts at identified sliding/slip zones at Km 130.550 to
Km.130.750 Km. 131.170 to Km. 131.763 Km. 132.560 to Km. 133.168 Km.
NA
133.590 to Km. 133.743 and Km. 147.877 to Km. 148.715 of Udhampur-Ramban 09/2021 442.14
18 Jammu and Kashmir (10/2023) 458.86
section of NH-44 (04/2022) (533.11)
(12/2025)
(National Highways Authority of India [NHAI])
618546
Stand-alone Ring road/bypass around Jammu City from Raya Morh km. -0.687 to
NA
Jagti km. 57.568 12/2017 2023.88
19 Jammu and Kashmir (01/2021) 996.53
(National Highways Authority of India [NHAI]) (01/2018) (2117.63)
(01/2026)
618548
4L of Byrapura to Challakere Section from km 308.550 to km 358.500 of NH-150
NA
A 03/2018 796.77
20 Karnataka (12/2020) 430.26
(National Highways Authority of India [NHAI]) (12/2018) (1195.54)
(03/2026)
619115
Bellary to Byrapura Section km 253.600 to km 308.550 of NH-150A NA
Multi-States (Andhra 03/2018 1281.47
21 (National Highways Authority of India [NHAI]) (10/2021) 553.21
Pradesh, Karnataka) (10/2019) (1689.6)
618696 (03/2026)
4L of Nagina-Kashipur section from km. 73.00 to km. 175.00 of NH-74 NA
Multi-States (Uttar 01/2015 2125.03
22 (National Highways Authority of India [NHAI]) (04/2020) 496.78
Pradesh, Uttarakhand) (10/2017) (2531.19)
618876 (02/2026)
6L of IT City Chowk to Kurali Chandigarh Road NA
03/2021 1525.31
23 (National Highways Authority of India [NHAI]) Punjab (10/2024) 1695.39
(10/2022) (1936.54)
618789 (12/2025)
4L Rampur Bypass from Km. 181.000 to Km. 189.500 NA
10/2021 364.47
24 (National Highways Authority of India [NHAI]) Uttar Pradesh (04/2024) 272.05
(10/2022) (307.95)
618689 (03/2026)
Total (9) 10817.52 6364.77
Ministry of Steel
Steel
CONSTRUCTION OF RESIDENTIAL TOWERS AT BIOM KIRANDUL COMPLEX 03/2026
07/2021 349.75
25 (National Mineral Development Corporation Limited [NMDC]) Chhattisgarh (12/2025) 326.85
(10/2022) (-)
709827 (03/2026)
Total (1) 349.75 326.85
Note: Cumulative Expenditure is as per last reporting by Central Line Ministries/ Departments on the IPM portal, this may not be the actual
completion cost.",Roads & Highways,4L Rampur Bypass from Km. 181.000 to Km. 189.500,National Highways Authority of India [NHAI],618689,,,Uttar Pradesh,2021-10,2022-10,2024-04,2026-03,,364.47,307.95,272.05,272.05
2026-03,25,Ministry of Steel,Steel,CONSTRUCTION OF RESIDENTIAL TOWERS AT BIOM KIRANDUL COMPLEX,National Mineral Development Corporation Limited [NMDC],709827,,,Chhattisgarh,2021-07,2022-10,2025-12,2026-03,2026-03,349.75,,326.85,326.85
2026-04,1,Ministry of Housing & Urban Affairs,Waste & Water,Upgradation of Sewerage system in Gandhinagar City,ministry of housing and urban affairs,707267,,,Gujarat,2020-07,2021-03,2023-06,,2026-03,200.0,,100.0,100.0
2026-04,2,Ministry of Housing & Urban Affairs,Waste & Water,Sewerage Management Scheme Part-3 Implementation,Ministry of Housing & Urban Affairs,702735,,,Haryana,2017-03,2018-10,2023-03,2026-04,2026-04,213.19,,180.32,180.32
2026-04,3,Ministry of Housing & Urban Affairs,Waste & Water,24/7 water supply under AMRUT for Davanagere,Ministry of Housing & Urban Affairs,702764,,,Karnataka,2016-11,2018-01,2023-03,2026-05,2026-05,174.96,,171.6,171.6
2026-04,4,Ministry of Housing & Urban Affairs,Waste & Water,Jabalpur Sewerage Management and Treatment Infrastructure Project,Ministry of Housing & Urban Affairs,702798,,,Madhya Pradesh,2018-10,2017-12,2023-03,2026-04,2026-04,362.31,,332.05,332.05
2026-04,5,Ministry of Labour and Employment,Healthcare,"Construction of 100 Bedded ESIC Hospital building and 32 Nos Residential Quarters at Vallam Vadangal, SIPCOT, Sriperumbudur",Employee's State Insurance Company [ESIC],612178,,,Tamil Nadu,2015-02,2023-03,2025-06,2026-05,2026-05,152.95,177.01,130.22,130.22
2026-04,6,Ministry of Power,Transmission & Distribution,Transmission System for Evacuation of Power from potential Renewable Energy zone in Khavda Area of Gujarat under Phase IV [7 GW] Part E3,Power Grid Corporation of India Limited [POWERGRID],612151,,,Gujarat,2023-07,2023-07,2025-07,2026-04,2026-04,334.0,,334.0,334.0
2026-04,7,Ministry of Power,Transmission & Distribution,Transmission system for evacuation of power from REZ in Rajasthan 20GW under Phase-III Part E1,Power Grid Corporation of India Limited [POWERGRID],611951,,,Rajasthan,2021-12,2023-08,2025-02,2026-04,2026-04,688.74,,688.74,688.74
2026-04,8,Ministry of Railways,Railways,Pune - Miraj-Londa [467 Kilometres],Central Railway,705503,,,Maharashtra,2016-06,2016-06,2025-02,2025-08,,4027.53,4872.52,4924.05,4924.05
2026-04,9,Ministry of Road Transport & Highways,Roads & Highways,"Flyover at Km.544.650 including ROB, Service Roads ,Footpath for RCC drains on urban link to Nagpur -Raipur road Pardi octroi Naka to Itwari",National Highways Authority of India [NHAI],618555,,,Maharashtra,2015-12,2016-03,2019-03,2026-04,,1097.81,758.4,316.23,316.23
2026-05,1,Ministry of Coal,Electricity Generation,300 MW SPP part of 510 MW CPSU scheme,NLC India Limited [NLCIL],612819,,,Rajasthan,2022-07,2023-03,2024-09,2026-01,2026-01,1813.0,1813.0,1753.07,1753.07
2026-05,2,Ministry of Coal,Electricity Generation,50 MW Solar PP Minedout Area,NLC India Limited [NLCIL],615327,,,Tamil Nadu,2023-08,2024-02,2025-03,2026-01,2026-01,218.03,,170.13,170.13
2026-05,3,Ministry of Coal,Electricity Generation,Ghatampur Thermal Power Plant 3 X 660 MW,NLC India Limited [NLCIL],400259,,,Uttar Pradesh,2016-07,2016-08,2020-11,2026-06,2026-06,17237.8,21780.9,21287.24,21287.24
2026-05,4,Ministry of Housing & Urban Affairs,Urban Public Transport,Ahmedabad Metro Rail Project [Phase-I],Gujarat Metro Rail Corporation Limited [GMRCL],702639,,,Gujarat,2014-11,2015-02,2018-03,2026-05,2026-05,10773.0,12924.5,12521.43,12521.43
2026-05,5,Ministry of Housing & Urban Affairs,Waste & Water,Mira-Bhayandar Water Supply Infrastructure Project,Ministry of Housing & Urban Affairs,702840,,,Maharashtra,2016-11,2018-08,2023-03,2026-06,2026-06,204.55,,193.2,193.2
2026-05,6,Ministry of Housing & Urban Affairs,Waste & Water,Solapur Sewerage Management Infrastructure Project,Ministry of Housing & Urban Affairs,702854,,,Maharashtra,2017-03,2018-04,2023-03,2026-06,2026-06,180.24,,172.22,172.22
2026-05,7,Ministry of Labour and Employment,Healthcare,"Construction of 200 bedded ESIC Hospital with 62 Nos Staff quarters , Beltola",Employee's State Insurance Company [ESIC],612201,,,Assam,2017-12,2021-10,2025-04,2026-06,2026-05,143.23,154.75,130.08,130.08
2026-05,8,Ministry of Labour and Employment,Healthcare,"Construction of 200 Bedded [Upgradable to 500 Bedded including 50 beds of SST] ESIC Hospital at Bibewadi, Pune",Employee's State Insurance Company [ESIC],612188,,,Maharashtra,2018-05,2023-03,2025-09,2026-08,,429.25,,341.9,341.9
2026-05,9,Ministry of Petroleum & Natural Gas,Oil & Gas,"Guwahati Refinery Expansion [1.0 to 1.2 MMTPA] along with installation of CRU, Guwahati Refinery",Ministry of Petroleum & Natural Gas,607701,,,Assam,2021-05,2021-05,2023-10,2026-05,2026-05,412.3,577.0,487.31,487.31
2026-05,10,Ministry of Petroleum & Natural Gas,Oil & Gas,"CGD Project in Banka, Dumka, Godda, Jamtara, Pakur, Sahibganj GA ID 11A.02",Hindustan Petroleum Corporation Limited,709757,,,"Multi-States (Bihar,
Jharkhand)",2022-06,2022-06,2030-06,2026-05,2026-05,1377.0,1377.0,377.51,377.51
2026-05,11,Ministry of Petroleum & Natural Gas,Oil & Gas,Mumbai Nagpur Jharsuguda Pipeline Project,Ministry of Petroleum & Natural Gas,701354,,,"Multi-States
(Chhattisgarh, Madhya
Pradesh, Maharashtra,
Odisha)",2020-06,2020-06,2023-05,2026-06,2026-05,7844.25,8255.0,7109.3,7109.3
2026-05,12,Ministry of Petroleum & Natural Gas,Oil & Gas,"CGD Project in Malda, Birbhum, Murshidabad, Dakshin Dinajpur GA ID 11A.03",Hindustan Petroleum Corporation Limited,709758,,,West Bengal,2022-06,2022-06,2030-06,2026-05,2026-05,2628.0,2628.0,390.91,390.91
2026-05,13,Ministry of Power,Transmission & Distribution,Transmission Network Expansion in Gujarat to increase its ATC from ISTS Part B,Power Grid Corporation of India Limited [POWERGRID],400005,,,"Multi-States (Dadra &
Nagar Haveli and
Daman & Diu, Gujarat,
Maharashtra)",2022-01,2022-07,2023-06,2026-05,2026-05,4546.26,,4546.26,4546.26
2026-05,14,Ministry of Power,Transmission & Distribution,Transmission System for Evacuation of Power from REZ in Rajasthan 20GW under Phase III- Part E2,Power Grid Corporation of India Limited [POWERGRID],611947,,,Rajasthan,2023-11,2023-11,2025-06,2026-06,2026-05,428.3,,428.3,428.3
2026-05,15,Ministry of Road Transport & Highways,Roads & Highways,4L of Dwarka-Khambaliya-Devariya section from km 203.500 to km 176.500 and from km 171.800 to km 125.000 of NH-151A,National Highways Authority of India [NHAI],619137,,,Gujarat,2019-01,2020-02,2022-08,2026-05,,1024.69,1753.95,885.64,885.64
2026-05,16,Ministry of Road Transport & Highways,Roads & Highways,Tumkur-Chitradurga,National Highways Authority of India [NHAI],619070,,,Karnataka,2010-04,2011-06,2013-12,2026-05,,839.0,47.44,8.42,8.42
2026-06,1,Ministry of Civil Aviation,Aviation & Aviation Infrastructure,Goa Airport Terminal Building Extension Project,Airport Authority of India [AAI],701105,,,Goa,2017-11,2019-12,2021-12,2026-04,2026-06,255.69,255.69,161.06,161.06
2026-06,2,Ministry of Petroleum & Natural Gas,Energy Storage,Rajasthan Refinery Project,MinistryofPetroleumNaturalGas,701263,,,Rajasthan,2017-10,2017-10,2022-10,2026-06,2026-06,43129.0,79459.0,70293.57,70293.57
2026-06,3,Ministry of Petroleum & Natural Gas,Energy Storage,"Grass Root Rail-fed Depot at Sekerkote, Agartala as resitement of existing Dharmanagar Depot",Indian Oil Corporation Limited [IOCL],400035,,,Tripura,2022-06,2022-06,2025-09,2026-06,2026-06,656.0,656.0,546.57,546.57
2026-06,4,Ministry of Petroleum & Natural Gas,Oil & Gas,HP TDAE Unit in Mumbai Refinery,Hindustan Petroleum Corporation Limited,709760,,,Maharashtra,2024-06,2024-06,2026-04,2026-06,2026-06,240.0,240.0,160.8,160.8
2026-06,5,Ministry of Petroleum & Natural Gas,Oil & Gas,ATF Pipeline from Jawaharlal Nehru Port Trust to Navi Mumbai International Airport,Indian Oil Corporation Limited [IOCL],709782,,,Maharashtra,2022-08,2022-08,2025-08,2026-06,2026-06,165.0,165.0,103.36,103.36
2026-06,6,Ministry of Power,Transmission & Distribution,Transmission Scheme for Solar Energy Zone in Ananthpuram 2500MW and Kurnool 1000MW,Power Grid Corporation of India Limited [POWERGRID],611967,,,Andhra Pradesh,2023-09,2023-09,2025-09,2026-05,2026-06,823.0,,798.31,798.31
2026-06,7,Ministry of Power,Transmission & Distribution,Transmission System for Kurnool Wind Energy Zone/ Solar Energy Zone Part-A and Part-B,Power Grid Corporation of India Limited [POWERGRID],900808,,,"Multi-States (Telangana,
Andhra Pradesh)",2022-11,2023-03,2024-11,2026-05,2026-06,3546.94,,3546.94,3546.94
2026-06,8,Ministry of Power,Transmission & Distribution,Transmission system for evacuation of power from REZ in Rajasthan 20 GW under Phase-III part H,Power Grid Corporation of India Limited [POWERGRID],611948,,,Rajasthan,2023-10,2023-10,2025-04,2026-06,2026-06,1910.0,,1910.0,1910.0
2026-06,9,Ministry of Road Transport & Highways,Roads & Highways,Rehabilitation and Up-gradation from Km 170700 Bhadrachalam to Km 234567 Konta on NH-30 to Two lane with Paved Shoulder in the State of Andra Pradesh on EPC mode.,MoRTH,617907,,,Andhra Pradesh,2021-12,2022-09,2024-09,2026-04,2026-06,436.09,,240.15,240.15
2026-06,10,Ministry of Road Transport & Highways,Roads & Highways,Construction of bypass road to Adoni town connecting NH-167 Hagari - Jadcharla road from km.62/700 to 71/400 in Kurnool District in the State of Andhra Pradesh.,MoRTH,617990,,,Andhra Pradesh,2023-03,2024-02,2025-11,2025-11,2026-06,242.0,,99.13,99.13
2026-06,11,Ministry of Road Transport & Highways,Roads & Highways,Widening to two lane with paved shoulder of Rampachodavaram - Koyyuru section of NH 516E from Km 43700 to Km 113820 in the State of Andhra Pradesh on EPC mode Job No. 737,MoRTH,618145,,,Andhra Pradesh,2022-03,2023-01,2025-01,2026-04,2026-06,568.12,,324.96,324.96
2026-06,12,Ministry of Road Transport & Highways,Roads & Highways,Widening and Reconstruction of existing road to four lane from Km.56400 to Km 120300 i.e. from B.Kothapalli Junction to Gorantla excluding Kadiri Bypass from Km 70200 to Km 77105 of NH 716G in the State of Andhra Pradesh on EPC mode Job no. 742,MoRTH,618161,,,Andhra Pradesh,2022-03,2023-09,2025-12,2026-03,2026-06,839.98,,415.11,415.11
2026-06,13,Ministry of Road Transport & Highways,Roads & Highways,"Rehabilitation and upgradation of NH-167AD from Macherla to Dachepalli via Paluvai Junction, Rentachinthala, Gurazala from Km.0.000 to 43.659 to two lane with paved shoulders in the state of Andhra Pradesh job-729",MoRTH,618191,,,Andhra Pradesh,2022-01,2023-01,2025-01,2026-02,2026-06,403.22,,256.17,256.17
2026-06,14,Ministry of Road Transport & Highways,Roads & Highways,Rehabilitation and Up-gradation of Pasarlapudi to Dhindi section from Km 105/170 to Km 126/510 of NH -214 New NH -216 to two lane with paved shoulder in the state of Andhra Pradesh under NHDP-IV,MoRTH,618237,,,Andhra Pradesh,2017-03,2017-09,2019-09,2026-01,2026-06,263.45,,158.8,158.8
2026-06,15,Ministry of Road Transport & Highways,Roads & Highways,Two laning with paved shoulders of Gondiguda to Araku uptoBhallaguda section of NH 516E,MoRTH,618258,,,Andhra Pradesh,2020-08,2021-09,2023-09,2025-12,2026-06,296.66,289.11,275.38,275.38
2026-06,16,Ministry of Road Transport & Highways,Roads & Highways,Two laning with paved shoulders of Paderu to GundigudaSection of NH 516E,MoRTH,618259,,,Andhra Pradesh,2020-08,2021-03,2023-03,2025-10,2026-06,222.61,,181.04,181.04
2026-06,17,Ministry of Road Transport & Highways,Roads & Highways,Six Laning of Vijayawada Bypass from Gollapudi to Chinnakakani in Vijayawada - Gundugolanu Section from km. 30.00 to km. 47.881 Pkg-IV,NHAI,618527,,,Andhra Pradesh,2020-01,2021-07,2024-01,2026-05,2026-06,1194.57,1757.82,862.83,862.83
2026-06,18,Ministry of Road Transport & Highways,Roads & Highways,Khammam-Devarapalle Pkg IV [4L Access Controlled Greenfield from Recherla village to Gurvaygudem village Design Chainage 105236 to 132664],NHAI,618748,,,Andhra Pradesh,2020-11,2022-09,2024-09,2026-01,2026-06,569.37,752.02,499.99,499.99
2026-06,19,Ministry of Road Transport & Highways,Roads & Highways,4L PS from Mandlem Existing Km. 38.000/Design Km.30.600 to Atmakur Existing Km.73.000/Design Km 66.115 of NH340C Package2,NHAI,618919,,,Andhra Pradesh,2023-03,2023-11,2025-11,2025-11,2026-06,887.28,913.03,550.42,550.42
2026-06,20,Ministry of Road Transport & Highways,Roads & Highways,"6L Standalone Flyovers at Raha, Demow, Borghat, Kathiatali junctions and ROB at Jagiroad on stretches of NH 36 and NH 27",NHAI,618576,,,Assam,2022-03,2022-12,2024-06,2024-10,2026-06,280.75,255.53,212.27,212.27
2026-06,21,Ministry of Road Transport & Highways,Roads & Highways,Widening/Improvement to 4 -Lane with Paved Shoulder from Ch. 88.000km to Ch.99.930 km Design Ch.84.100km to Ch.96.000 km of Sagunbashi forest near Nichinta to starting of Krishnai Bypass Section of Bilasipura Guwahati road NH 17 on EPC Package-7,NHIDCL,618285,,,Assam,2021-03,2023-10,2025-10,2025-08,2026-06,286.72,,220.81,220.81
2026-06,22,Ministry of Road Transport & Highways,Roads & Highways,Widening/Improvement to 4-Lane with Paved Shoulder from KM 113300 to Km 146230 Design Chainage 113830 to 145712 of Kwaram Taro Village - Dillai Section in Assam on EPC Package-6,NHIDCL,618327,,,Assam,2021-09,2022-07,2024-07,2025-03,2026-06,625.64,,578.19,578.19
2026-06,23,Ministry of Road Transport & Highways,Roads & Highways,Construction of 4/6 Laning from existing Km 159.400 of NH-36 to existing Km 102.500 of NH-39 and upto end point of Assam portion [Design Km 118.050 to design Km 132.375] Total New Alignment length of 14.325 Km of Daboka - Dimapur Section Dimapur Bypass in the state of Assam under SARDP-NE 'Phase-A' on EPC mode Assam Portion,NHIDCL,618330,,,Assam,2018-03,2019-11,2022-11,2025-11,2026-06,511.02,,671.35,671.35
2026-06,24,Ministry of Road Transport & Highways,Roads & Highways,"Widening / Improvement to 4-Lane with Paved Shoulder configuration of existing single lane road from Kachukhana Harichara Paglagaunj to Dhubri - Phulbari Bridge approach Package-II of Srirampur - Dhubri Section of NH-127B from existing Km 28.050 to Km 55.060 Design Km 27.650 to Km 54.154, Design Length26.504 Km under JICA ODA Loan assistance Phase-V [Srirampur - Dhubri Pkg-2]",NHIDCL,618372,,,Assam,2022-03,2023-01,2025-01,2025-06,2026-06,909.02,,683.81,683.81
2026-06,25,Ministry of Road Transport & Highways,Roads & Highways,Rehabilitation & Widening work for 2 Lane with Paved Shoulder of Existing NH-80 from km 70.15 to Km 121.025 of Munger-Suttanganj -BhagatpurMirzachowki section on EPC Mode in the State of Bihar.,MoRTH,617959,,,Bihar,2021-03,2023-02,2025-01,2025-11,2026-06,477.54,,343.05,343.05
2026-06,26,Ministry of Road Transport & Highways,Roads & Highways,4L Elevated Highway and at grade improvements at Gopalganj Town from Km. 384.000 to Km. 386.750 on NH-27,NHAI,618570,,,Bihar,2021-10,2022-03,2024-08,2025-05,2026-06,325.57,248.92,241.89,241.89
2026-06,27,Ministry of Road Transport & Highways,Roads & Highways,4L of Galgalia - Bahadurganj section from Km 0.000 to Km 49.000 Package-I of NH327E,NHAI,618582,,,Bihar,2021-01,2022-01,2024-01,2025-02,2026-06,1282.97,1282.97,816.12,816.12
2026-06,28,Ministry of Road Transport & Highways,Roads & Highways,4L of Bahadurganj Araria section from Km 49.000 to Km 94.000 Package-II of NH-327E,NHAI,618583,,,Bihar,2021-01,2022-01,2024-01,2025-01,2026-06,1358.77,1358.77,812.28,812.28
2026-06,29,Ministry of Road Transport & Highways,Roads & Highways,Ara - Mohania Pkg-II,NHAI,618774,,,Bihar,2020-08,2021-01,2023-07,2025-11,2026-06,984.63,827.51,798.25,798.25
2026-06,30,Ministry of Road Transport & Highways,Roads & Highways,4L of Aurangabad-Paithan,NHAI,618779,,,Bihar,2022-09,2023-01,2024-07,2025-12,2026-06,1505.0,349.96,328.32,328.32
2026-06,31,Ministry of Road Transport & Highways,Roads & Highways,Aunta - Simaria including Ganga Bridge,NHAI,618839,,,Bihar,2017-01,2018-08,2022-02,2026-03,2026-06,1309.47,2107.68,1209.46,1209.46
2026-06,32,Ministry of Road Transport & Highways,Roads & Highways,4L of Bal. works of Patna - Gaya -Dobhi Pkg-II from km. 39.00 to km. 83.00 of Old NH-83,NHAI,618915,,,Bihar,2019-09,2020-11,2022-11,2025-05,2026-06,1637.29,777.2,764.68,764.68
2026-06,33,Ministry of Road Transport & Highways,Roads & Highways,4L of Bal. works of Patna - Gaya -Dobhi Pkg-III from km. 83.00 to km. 127.217 of Old NH-83,NHAI,618916,,,Bihar,2019-09,2020-11,2022-11,2025-05,2026-06,1077.46,799.7,803.33,803.33
2026-06,34,Ministry of Road Transport & Highways,Roads & Highways,Muzaffarpur - Sonbarsa Section of NH-77 from km 2.800 to km 89.000,NHAI,619320,,,Bihar,2011-05,2011-05,2013-11,2026-03,2026-06,2290.72,2311.1,2308.19,2308.19
2026-06,35,Ministry of Road Transport & Highways,Roads & Highways,Strengthening and widening of existing 2 lane road to two lane paved shoulder from km 7.750 to 26.542 & km. 32.093 to 45.786 of NH-130 on EPC mode in the state of chhattisgarh.job No. 130-CG-2017-18-348,MoRTH,617973,,,Chhattisgarh,2017-11,2019-05,2020-11,2023-06,2026-06,188.8,,107.79,107.79
2026-06,36,Ministry of Road Transport & Highways,Roads & Highways,Up-gradation of NH-930 Sherpar to Kohka from Km.67880 to Km.114860 to 2LPS in Chhattisgarh under EPC mode,MoRTH,618064,,,Chhattisgarh,2020-03,2022-05,2024-05,2025-12,2026-06,278.97,,210.82,210.82
2026-06,37,Ministry of Road Transport & Highways,Roads & Highways,Up-gradation of NH-130C Abhanpur to Paund from NH Km. 0000 to KM 40380 to two lane with paved shoulders in the State of Chhattisgarh on EPC mode.,MoRTH,618078,,,Chhattisgarh,2020-12,2022-03,2023-09,2025-08,2026-06,193.16,,116.5,116.5
2026-06,38,Ministry of Road Transport & Highways,Roads & Highways,Conversion of Partially Excavated Escape Tunnel to Uni-Directional 2L Tunnelincluding construction of cross passages and approach roads on either side of the tunnel from Km 12.732 to Km 14.568 of Kiratpur to Nerchowk Section of NH-21,NHAI,618849,,,Chhattisgarh,2022-05,2022-09,2024-03,2026-04,2026-06,444.21,412.88,394.73,394.73
2026-06,39,Ministry of Road Transport & Highways,Roads & Highways,6L Access Controlled Highway from DND Maharani Bagh - Jn. with Jaitpur - Pushta Road of NH-148NA from km. 0.00 to km. 9.00 in NCR,NHAI,618578,,,Delhi,2020-07,2022-01,2024-07,2026-04,2026-06,1467.44,2510.34,1652.29,1652.29
2026-06,40,Ministry of Road Transport & Highways,Roads & Highways,Vadodara Mumbai Expressway Ena -Kim Phase IB - Pkg VI [Km 217.500 to Km 254.430],NHAI,618464,,,Gujarat,2020-05,2021-12,2023-12,2025-06,2026-06,2271.86,4297.28,2991.42,2991.42
2026-06,41,Ministry of Road Transport & Highways,Roads & Highways,Vadodara Mumbai Expressway Gandeva to Ena Phase IB - Pkg VII [Km 190.00 to Km 217.500],NHAI,618465,,,Gujarat,2020-07,2021-11,2023-11,2026-01,2026-06,1710.3,3392.21,2451.01,2451.01
2026-06,42,Ministry of Road Transport & Highways,Roads & Highways,Ahmedabad - Dholera Pkg I from km. 0.00 to km. 22.00 [Sardar Patel Ring Road - Sindhrej Village],NHAI,618501,,,Gujarat,2020-05,2022-01,2024-01,2026-01,2026-06,1298.0,1421.05,1385.83,1385.83
2026-06,43,Ministry of Road Transport & Highways,Roads & Highways,Ahmedabad - Dholera Pkg II from km. 22.00 to km. 48.52 [Sindhrej Village - Vejallka Village],NHAI,618502,,,Gujarat,2020-05,2022-01,2024-01,2026-04,2026-06,1415.34,1729.69,1785.68,1785.68
2026-06,44,Ministry of Road Transport & Highways,Roads & Highways,Sanchore - Santalpur from km 67.000 - km 99.000 of NH-754K AJ-RGBS- Package-3,NHAI,618614,,,Gujarat,2020-02,2021-08,2023-08,2024-01,2026-06,752.3,765.25,601.6,601.6
2026-06,45,Ministry of Road Transport & Highways,Roads & Highways,Pipli Bhavnagar-Package 1 from km 136.025 to km 169.328,NHAI,618699,,,Gujarat,2018-03,2019-02,2021-09,2024-03,2026-06,819.14,1297.38,975.85,975.85
2026-06,46,Ministry of Road Transport & Highways,Roads & Highways,4L Kodinar - Veraval Package VI from km. 222.400 to km. 230.00 Kodinar Bypass of NH-8E NH 51 new,NHAI,618834,,,Gujarat,2022-03,2022-04,2023-09,2025-05,2026-06,162.73,192.01,189.95,189.95
2026-06,47,Ministry of Road Transport & Highways,Roads & Highways,4L of Bal Works of Talaja - Mahuva from 54.990 km. to 100.450 km. of Old NH- 8E Package-II,NHAI,618835,,,Gujarat,2020-08,2021-03,2022-09,2024-05,2026-06,698.4,735.51,726.01,726.01
2026-06,48,Ministry of Road Transport & Highways,Roads & Highways,6L of Chiloda-Naroda section from Km. 540.595 to Km. 555.595 of NH- 8Package-VII,NHAI,619067,,,Gujarat,2016-11,2017-05,2019-05,2026-02,2026-06,356.6,463.03,443.07,443.07
2026-06,49,Ministry of Road Transport & Highways,Roads & Highways,4L of Bal Works of Mahuva to Kagvadar from 100.450 Km. to 140.470 Km. of NH-8E Pkg- III,NHAI,619147,,,Gujarat,2020-08,2021-03,2022-09,2024-07,2026-06,603.08,628.49,624.43,624.43
2026-06,50,Ministry of Road Transport & Highways,Roads & Highways,4L of Bhavnagar - Talaja Package-I from Km. 6.945 to Km. 54.990 of Old NH-8E,NHAI,619148,,,Gujarat,2016-03,2017-02,2019-08,2024-06,2026-06,1185.66,1343.16,1316.53,1316.53
2026-06,51,Ministry of Road Transport & Highways,Roads & Highways,Delhi-Amritsar-Katra Expressway Phase-I Pkg-III from Junction with Jind-Panipat road NH-352A near Gangana village to Junction with Jind-Karnal road NH-709A near Alewa village Km 60800 to Km 91400,NHAI,618484,,,Haryana,2020-12,2021-12,2023-12,2025-11,2026-06,1606.27,1813.91,1322.85,1322.85
2026-06,52,Ministry of Road Transport & Highways,Roads & Highways,Delhi-Amritsar-Katra Expressway Phase-I Pkg-IV from Junction with Jind-Karnal road NH-709A near Alewa village to Junction with Ambala-Kaithal-Hissar road NH-152 near Kharak Pandwa village Km 91400 to Km 120250,NHAI,618485,,,Haryana,2021-01,2021-12,2023-12,2025-11,2026-06,1306.95,1578.66,1098.84,1098.84
2026-06,53,Ministry of Road Transport & Highways,Roads & Highways,Rehabilitation and Upgradation to 2-lane/Intermediate lane configuration of Ashyari-Shri Kyari Section km 50.000 to km 75.000 of NH-707 in the state of Himachal Pradesh under Green National Highways Corridor Project GNHCP with the loan assistance of World Bank on EPC mode.,MoRTH,618050,,,Himachal Pradesh,2020-08,2021-09,2023-09,2025-12,2026-06,345.89,359.56,232.82,232.82
2026-06,54,Ministry of Road Transport & Highways,Roads & Highways,Construction & Upgradation to 2 lane with paved shoulder from Design Km. 31.449 Khellani Ex. Km 44.946 to Km 51.700 Prem Nagar Ex. Km 68617 of 20.251 Km length on Khellani - Kishtwar - Chattroo section of NH-244 in the UT of J&K on EPC Mode under NHO-Gen PKG- 1,NHIDCL,618396,,,Jammu and Kashmir,2021-02,2021-03,2022-09,2024-11,2026-06,486.45,,300.52,300.52
2026-06,55,Ministry of Road Transport & Highways,Roads & Highways,4L from km 196.87 Sankha to km 219.6 Khajuri on NH-75 [Rehla / Garhwa Bypass],NHAI,618829,,,Jharkhand,2020-09,2021-10,2023-10,2025-03,2026-06,1129.48,1129.48,790.59,790.59
2026-06,56,Ministry of Road Transport & Highways,Roads & Highways,4L of Mehgama - Hansdiha from km. 41.900 to km. 93.000 of NH -133A Pkg-II,NHAI,618946,,,Jharkhand,2022-03,2023-05,2025-05,2026-05,2026-06,1479.72,1568.18,1034.52,1034.52
2026-06,57,Ministry of Road Transport & Highways,Roads & Highways,Balance work of Rehabilitation and upgrading to 2lane/2lane with paved shoulder configuration and strengthening from from Km 343.80 to 400.33 of Gowribidanur- Chik Ballapur section in the state of Karnataka Under Annual Plan 2021-22 under EPC Mode.-952,MoRTH,617954,,,Karnataka,2022-03,2023-02,2025-02,2025-10,2026-06,398.48,,242.02,242.02
2026-06,58,Ministry of Road Transport & Highways,Roads & Highways,Challakere to Hariyur section from km 358.500 to km 414.205 of NH-150 A,NHAI,618698,,,Karnataka,2018-03,2021-01,2023-01,2025-12,2026-06,1167.52,1873.58,1243.48,1243.48
2026-06,59,Ministry of Road Transport & Highways,Roads & Highways,4L of Hubli - Hospet Section of NH-63 from Km 128.850 to Km 272.571,NHAI,619121,,,Karnataka,2016-07,2017-03,2020-03,2026-03,2026-06,2531.99,3619.32,3522.85,3522.85
2026-06,60,Ministry of Road Transport & Highways,Roads & Highways,Hospet - Chitradurga from km. 299.00 to km. 418.750,NHAI,619144,,,Karnataka,2015-03,2016-02,2018-08,2026-06,2026-06,1519.72,387.48,331.26,331.26
2026-06,61,Ministry of Road Transport & Highways,Roads & Highways,"Construction of Mihona bypass, Lahar bypass, Daboh bypass & Bhander Bypass total length 20.60 km to 2-lane with paved shoulder from on Mihona-Bhander- MP/UP border section of NH 552E in the State of Madhya Pradesh on EPC mode",MoRTH,618045,,,Madhya Pradesh,2022-03,2023-06,2024-12,2025-07,2026-06,179.18,,74.89,74.89
2026-06,62,Ministry of Road Transport & Highways,Roads & Highways,Indore - Gujarat / MP Border from km. Km 9.500 to Km 171.000 of NH-59 in MP,NHAI,618625,,,Madhya Pradesh,2009-12,2010-08,2013-02,2026-02,2026-06,1175.0,217.22,191.43,191.43
2026-06,63,Ministry of Road Transport & Highways,Roads & Highways,4L of Sagar - Mohari from Km.8 to Km.50 Pkg-I,NHAI,618665,,,Madhya Pradesh,2021-03,2022-04,2024-04,2026-03,2026-06,790.78,660.38,555.28,555.28
2026-06,64,Ministry of Road Transport & Highways,Roads & Highways,Indore - Harda Pkg-III [Nanasa to Pidgaon Section from km 95.000 to km 142.445],NHAI,618695,,,Madhya Pradesh,2020-01,2021-10,2023-10,2026-04,2026-06,1146.22,1240.64,758.23,758.23
2026-06,65,Ministry of Road Transport & Highways,Roads & Highways,Balance work of 4L of Nauradehi Sanctuary de-scoped stretch of Hiran River to Sindoor River from Km. 66.00 to 130.00 NH-12 New NH-45,NHAI,618701,,,Madhya Pradesh,2021-01,2021-07,2023-07,2025-07,2026-06,178.18,153.15,143.37,143.37
2026-06,66,Ministry of Road Transport & Highways,Roads & Highways,"Rehabilitation & up-gradation for Talere Gaganbawada - kolhapur Road NH 166G stretch start from km. 0/00 to Km. 06/00 and km. 13/00 to km 19/440 of NH-166G, length 12.440 km in the State of Maharashtra.",MoRTH,618099,,,Maharashtra,2024-03,2024-10,2026-04,2025-10,2026-06,164.13,,115.51,115.51
2026-06,67,Ministry of Road Transport & Highways,Roads & Highways,Vadodara Mumbai Expressway Phase II - Pkg XI [Km. 77.000 to Km. 103.400] Ganjad - Talsari,NHAI,618468,,,Maharashtra,2020-06,2022-05,2024-05,2026-01,2026-06,1524.71,1913.95,901.76,901.76
2026-06,68,Ministry of Road Transport & Highways,Roads & Highways,Tarsod - Fagne section of NH-6,NHAI,618638,,,Maharashtra,2016-06,2019-01,2021-07,2026-04,2026-06,2267.99,2560.5,2213.75,2213.75
2026-06,69,Ministry of Road Transport & Highways,Roads & Highways,Chakur Loha Section of NH-361 from km 114.600 to km 187.80,NHAI,618652,,,Maharashtra,2018-03,2019-03,2021-03,2026-02,2026-06,1241.38,3342.11,1717.21,1717.21
2026-06,70,Ministry of Road Transport & Highways,Roads & Highways,4L of existing 2/4L stretch from Lonand to Dive Ghat Km 166.400 to Km 220.900 of Mohol Alandi section of NH-965 Pkg - V,NHAI,619209,,,Maharashtra,2021-10,2022-05,2024-05,2026-03,2026-06,1709.56,2049.51,1295.04,1295.04
2026-06,71,Ministry of Road Transport & Highways,Roads & Highways,Up-gradation to 2-lane with paved shoulders of Ngopa - Pawlrang section of NH 102B of Aizawl - Imphal Economic Corridor from Existing Chainage km 32.796 to km 72.030 [Design Chainage km 31.280 to km 68.170] in the State of Mizoram under Bharatmala Pariyojna on EPC mode under NHO-NE Package-2 Keifang- Tuivai Pkg-2,NHIDCL,618341,,,Mizoram,2021-09,2023-09,2025-02,2025-06,2026-06,523.78,,426.69,426.69
2026-06,72,Ministry of Road Transport & Highways,Roads & Highways,Widening and up-gradation to 2-lane with paved shoulder configuration and geometric improvements from km 250.00 Lunglei to km 298.00 on Aizawl- Tuipang section under JICA ODA Loan assistance Phase-I Package-6,NHIDCL,618381,,,Mizoram,2019-09,2019-12,2023-06,2025-05,2026-06,768.76,,168.78,168.78
2026-06,73,Ministry of Road Transport & Highways,Roads & Highways,Widening and up-gradation to 2-lane with paved shoulder configuration and geometric improvements from km 298.00 to km 339.00 on Aizawl-Tuipang section under JICA ODA Loan assistance Phase-I Package-7,NHIDCL,618382,,,Mizoram,2019-09,2020-10,2024-04,2025-05,2026-06,605.76,750.32,132.33,132.33
2026-06,74,Ministry of Road Transport & Highways,Roads & Highways,Widening and Up-gradation to 2- Lane with Paved Shoulder Configuration and geometric improvement from Km. 166. 000 to Km 208.000 Package-4 on Aizawl Tuipang Section of NH-54 in the State of Mizoram Package-4,NHIDCL,618384,,,Mizoram,2019-09,2019-10,2023-04,2025-04,2026-06,899.45,,191.68,191.68
2026-06,75,Ministry of Road Transport & Highways,Roads & Highways,6L of Varadharajula to Kumarajapet from km 0.000 to km 43.800 of NH-716B Pkg-I,NHAI,618771,,,"Multi-States (Andhra
Pradesh, Tamil Nadu)",2021-02,2022-12,2024-12,2026-02,2026-06,1924.75,1887.38,1120.2,1120.2
2026-06,76,Ministry of Road Transport & Highways,Roads & Highways,6L of Aurangabad to Bihar-Jharkhand border Chordaha section from km. 209.827 to Km. 249.525 of NH-19 PKG-02,NHAI,618532,,,"Multi-States (Bihar,
Jharkhand)",2021-06,2022-03,2024-03,2026-04,2026-06,1822.46,738.11,611.43,611.43
2026-06,77,Ministry of Road Transport & Highways,Roads & Highways,6L of Dhanara - Hatibena Section from Km 124.611 to km 146.50 of NH-130-CD Package OD-1,NHAI,618676,,,"Multi-States
(Chhattisgarh, Odisha)",2021-02,2022-03,2024-03,2026-03,2026-06,477.76,638.32,359.28,359.28
2026-06,78,Ministry of Road Transport & Highways,Roads & Highways,6L from Belgaum to Sankeshwar Bypass from Km. 515.000 to Km. 555.017 of NH-48 Pkg-I,NHAI,618515,,,"Multi-States
(Maharashtra,
Karnataka)",2021-11,2022-10,2025-04,2026-03,2026-06,1479.3,1237.04,1199.4,1199.4
2026-06,79,Ministry of Road Transport & Highways,Roads & Highways,Mangloor to Telangana Maharashtra Border,NHAI,618624,,,"Multi-States
(Maharashtra,
Telangana)",2018-03,2019-04,2021-04,2025-10,2026-06,1082.65,1323.12,1011.7,1011.7
2026-06,80,Ministry of Road Transport & Highways,Roads & Highways,4L of Rajura-Korpana-Adilabad Road upto M.S. Border from km 32.910 to km 89.090 of NH-353B,NHAI,618938,,,"Multi-States
(Maharashtra,
Telangana)",2022-03,2022-10,2024-10,2026-03,2026-06,1013.33,1274.63,699.33,699.33
2026-06,81,Ministry of Road Transport & Highways,Roads & Highways,4L Greenfield a Malout bypass from ch. Km 44.500 to ch. Km 35.500 on NH-07 and Ch. Km 0.000 to Km 6.984 on NH-09 bMandi Dabwali Bypass from Ch. 38.450 Km to Km 27.910 Pkg-02,NHAI,618760,,,"Multi-States (Punjab,
Haryana)",2021-11,2022-12,2024-07,2026-01,2026-06,646.42,556.09,571.11,571.11
2026-06,82,Ministry of Road Transport & Highways,Roads & Highways,4L Ambala - Kalaamb from Km. -0.800 to Km. 33.015 of old NH-72,NHAI,618935,,,"Multi-States (Punjab,
Haryana)",2022-10,2023-06,2025-06,2026-02,2026-06,1183.7,1190.34,706.54,706.54
2026-06,83,Ministry of Road Transport & Highways,Roads & Highways,4L of left out existing road section from Lalgopalganj Km 161.450 to Nawabganj Km 180.200 in Prayagraj,NHAI,618755,,,"Multi-States (Rajasthan,
Uttar Pradesh)",2024-03,2025-04,2026-03,2026-04,2026-06,159.53,100.74,93.24,93.24
2026-06,84,Ministry of Road Transport & Highways,Roads & Highways,Akshardham - DL/UP Border Pkg-01,NHAI,619122,,,"Multi-States (Uttar
Pradesh, Delhi)",2020-09,2022-06,2024-12,2024-08,2026-06,1479.22,1476.75,1399.88,1399.88
2026-06,85,Ministry of Road Transport & Highways,Roads & Highways,4L from Km 219.600 Khajuri to Km 260.483 Wyndhamganj on NH-75 Sec-V,NHAI,618828,,,"Multi-States (Uttar
Pradesh, Jharkhand)",2022-03,2023-09,2025-09,2026-05,2026-06,1436.49,1465.55,959.96,959.96
2026-06,86,Ministry of Road Transport & Highways,Roads & Highways,Construction of Rudrapur Bypass Section from Km. 0.000 to 20.640 in the state of Uttar Pradesh & Uttarakhand,NHAI,618912,,,"Multi-States (Uttar
Pradesh, Uttarakhand)",2023-03,2024-01,2026-01,2026-03,2026-06,1051.73,1117.17,670.74,670.74
2026-06,87,Ministry of Road Transport & Highways,Roads & Highways,4L/2L PS of Govindpur Raiganj - Chas - WB border section of from km. 0.00 to km. 56.889 of Old NH-32,NHAI,619104,,,"Multi-States (West
Bengal, Jharkhand)",2016-03,2017-12,2019-12,2025-09,2026-06,1139.65,1154.8,1064.7,1064.7
2026-06,88,Ministry of Road Transport & Highways,Roads & Highways,Widening of existing single lane to intermediate lane road from Mokokchung to Chare via Dikhu in the state of Nagaland on EPC mode,MoRTH,618002,,,Nagaland,2021-02,2023-06,2025-06,2025-11,2026-06,192.93,,110.98,110.98
2026-06,89,Ministry of Road Transport & Highways,Roads & Highways,Construction of 4/6 Laning from Km 132.375 to Km 153.058 Total New Alignment length of 20.683 Km of Daboka-Dimapur Section Dimapur Bypass Nagaland Portion of NH-36 & 39 in the State of Nagaland on EPC basis under PhaseA of SARDP-NE,NHIDCL,618329,,,Nagaland,2017-02,2017-09,2020-09,2025-09,2026-06,819.39,,635.0,635.0
2026-06,90,Ministry of Road Transport & Highways,Roads & Highways,Construction of bypass to Nayagarh town from km 235.469 to 252.482 of NH-57 including land acquisition in the state of Odisha.,MoRTH,617924,,,Odisha,2022-01,2023-05,2025-04,2026-02,2026-06,300.33,,103.64,103.64
2026-06,91,Ministry of Road Transport & Highways,Roads & Highways,Balance work of Panikoili Rimoli Section of new NH-20 from Km 0.00 to Km. 163.000,NHAI,618819,,,Odisha,2020-09,2021-03,2022-03,2023-12,2026-06,183.03,200.79,185.4,185.4
2026-06,92,Ministry of Road Transport & Highways,Roads & Highways,4-L of Rajamunda to Barkote Section of NH-23 from km. 287.200 to km. 337.185,NHAI,618913,,,Odisha,2017-10,2018-12,2021-06,2025-07,2026-06,609.63,630.97,608.19,608.19
2026-06,93,Ministry of Road Transport & Highways,Roads & Highways,6L of Bhubaneswar - Jagatpur - Chandikhole Section of NH-16,NHAI,619075,,,Odisha,2009-01,2011-12,2014-06,2026-04,2026-06,639.3,632.89,579.23,579.23
2026-06,94,Ministry of Road Transport & Highways,Roads & Highways,Delhi-Amritsar-Katra Expressway Phase-I Pkg-VII from Junction with Patiala- Bathinda road NH-7 near Bhawanigarh to Junction with Ludhiana-Malerhkotla SH-11 near Bhogiwal village Km 188830 to km 225770,NHAI,618487,,,Punjab,2020-12,2022-07,2024-07,2026-02,2026-06,1759.82,1774.32,1695.83,1695.83
2026-06,95,Ministry of Road Transport & Highways,Roads & Highways,"Construction of Two lane with Paved Shoulder for Fatehpur Bypass Design Km 0.000 to Km 7.400 , Mandawa Bypass Design Km 20.925 to Km 27.300 & Jhunjhunu Bypass Design Km 41.625 to Km 54.689 of NH-11 on EPC Mode in the state of Rajasthan .",MoRTH,617891,,,Rajasthan,2022-03,2023-02,2024-08,2025-09,2026-06,186.29,,78.06,78.06
2026-06,96,Ministry of Road Transport & Highways,Roads & Highways,Upgradation to Two Lane Paved Shoulder in km 33/0 to 126/520 of NH-23 Old NH-11B Kothun-Lalsot-Karoli-Dholpur road in the state of Rajasthan under EPC mode Length-93.52 Km.,MoRTH,617900,,,Rajasthan,2021-12,2022-09,2024-09,2026-05,2026-06,150.11,,12.25,12.25
2026-06,97,Ministry of Road Transport & Highways,Roads & Highways,Up-gradation to 2 lane with Paved shoulder from Charbhuja at Design km 0.00 existing km 150.00 to Neechli Oden Nathdwara at Design ch. Km 88.800 existing km 55.950 of NH-162E on EPC mode.,MoRTH,618093,,,Rajasthan,2022-02,2023-09,2025-09,2025-04,2026-06,838.43,,43.9,43.9
2026-06,98,Ministry of Road Transport & Highways,Roads & Highways,Upgradation of two lane paved shoulder from Shahpura existing km. 0.00 Design Ch. 000 to Thanagazi existing Km.37352 Design Ch. 36810 of NH- 248A on EPC mode in the State of Rajasthan.,MoRTH,618118,,,Rajasthan,2022-03,2023-02,2024-07,2025-07,2026-06,174.34,,100.48,100.48
2026-06,99,Ministry of Road Transport & Highways,Roads & Highways,Delhi-Vadodara Greenfield Alignment NH-148N Pkg-14 Ch. 388.420 to Ch. 419.000 [Junction with NH- 76 to Junction with NH-12 near village Ummedpura],NHAI,618456,,,Rajasthan,2019-11,2021-05,2023-05,2025-03,2026-06,1119.35,1194.17,1114.19,1114.19
2026-06,100,Ministry of Road Transport & Highways,Roads & Highways,4L Greenfield spur from Delhi-Vadodara Greenfield expressway near Bandikui to Jaipur,NHAI,619063,,,Rajasthan,2022-03,2022-11,2024-11,2025-10,2026-06,1636.15,2170.39,1283.3,1283.3
2026-06,101,Ministry of Road Transport & Highways,Roads & Highways,Dindigul Bypass - Samyanallore from km. 373.275 to km. 426.00,NHAI,618562,,,Tamil Nadu,2005-06,2006-07,2009-01,2025-07,2026-06,579.0,295.5,141.09,141.09
2026-06,102,Ministry of Road Transport & Highways,Roads & Highways,Trichy 135.800 to Karur 218.000 section of NH-67 - Trichy Bypass,NHAI,618743,,,Tamil Nadu,2006-12,2008-01,2010-07,2026-06,2026-06,876.88,360.88,336.71,336.71
2026-06,103,Ministry of Road Transport & Highways,Roads & Highways,4L of Vadugapatti to Therkuvenganallur Rajapalyam section from km 36.000 to km 71.600 of NH-744,NHAI,618745,,,Tamil Nadu,2022-02,2023-04,2025-04,2026-06,2026-06,1317.6,1137.16,954.04,954.04
2026-06,104,Ministry of Road Transport & Highways,Roads & Highways,Tuticorin - Tirunelveli from km. 0.00 to km. 47.250,NHAI,618773,,,Tamil Nadu,2009-11,2010-04,2012-04,2014-06,2026-06,449.85,452.48,2.8,2.8
2026-06,105,Ministry of Road Transport & Highways,Roads & Highways,Four Laning of Trichy - Dindigul from km. 333.00 to km. 421.273 of NH-45,NHAI,618874,,,Tamil Nadu,2006-12,2008-01,2010-07,2026-06,2026-06,1003.11,435.81,377.7,377.7
2026-06,106,Ministry of Road Transport & Highways,Roads & Highways,4L of Sethiyathope -Cholapuram section from Km. 65.960 to Km. 116.440 section of NH45 C Pkg-II,NHAI,618897,,,Tamil Nadu,2017-03,2018-08,2020-08,2025-11,2026-06,2356.19,2356.9,1697.35,1697.35
2026-06,107,Ministry of Road Transport & Highways,Roads & Highways,Salem - Ulundurpet section from km 0.313 to km 136.670 of NH-68,NHAI,618943,,,Tamil Nadu,2006-12,2008-01,2011-01,2025-11,2026-06,861.23,1019.85,940.44,940.44
2026-06,108,Ministry of Road Transport & Highways,Roads & Highways,Thumbipadi-Namakkal from km. 180.00 to km. 248.625 Package No. NS- 2/BOT/TN-02,NHAI,619083,,,Tamil Nadu,2005-06,2006-08,2009-02,2026-06,2026-06,255.53,395.43,392.41,392.41
2026-06,109,Ministry of Road Transport & Highways,Roads & Highways,Start of Karur Bypass - Dindigul from km. 292.600 to km. 305.600 Contract Package No. NS2/BOT/TN-4,NHAI,619084,,,Tamil Nadu,2005-08,2006-10,2009-04,2025-12,2026-06,461.54,515.03,222.72,222.72
2026-06,110,Ministry of Road Transport & Highways,Roads & Highways,Rehabilitation & upgradation of NH - 167 from design km 187.723 to 234.434 Miryalaguda to Kodad section to two lane with paved shoulder on EPC mode in the state of Telangana,MoRTH,617992,,,Telangana,2018-03,2018-09,2020-09,2026-01,2026-06,322.81,322.81,154.47,154.47
2026-06,111,Ministry of Road Transport & Highways,Roads & Highways,Widening to 2/4 Lane with paved shoulders from Km 182.120 to Km 227.600 of NH 167 on Haggari-Jadcherla Road on EPC mode under NHO in the state of Telangana,MoRTH,617996,,,Telangana,2016-10,2017-02,2019-02,2024-04,2026-06,298.0,,238.2,238.2
2026-06,112,Ministry of Road Transport & Highways,Roads & Highways,Rehabilitation and upgradation to two lane with paved shoulders from Km 0/000 to 72/6 of NH-365 Nakrekal to Tanamcherla section under NHDP IV in the state of Telangana under EPC mode,MoRTH,618026,,,Telangana,2017-06,2017-11,2019-10,2025-05,2026-06,605.08,,585.2,585.2
2026-06,113,Ministry of Road Transport & Highways,Roads & Highways,Widening & strengthening of existing carriageway in 2 lane with paved shoulders from km 25/0 to 59/2 design Ch km 25.467 to 59.200 of NH - 353C on EPC mode in the state of Telangana,MoRTH,618132,,,Telangana,2018-02,2018-06,2020-06,2025-01,2026-06,206.13,,318.62,318.62
2026-06,114,Ministry of Road Transport & Highways,Roads & Highways,Widening to Two lane with Paved shoulders from km.40/410 to 84/037 of Thirumanlagiri-- Suryapet Section of NH-365B earstwhile section of SH-16,MoRTH,618142,,,Telangana,2017-01,2017-05,2019-05,2023-08,2026-06,244.54,,147.48,147.48
2026-06,115,Ministry of Road Transport & Highways,Roads & Highways,widening to two lane with Paved shoulders from Km.0/970 to Km.40/410 of Jangaon - Thirumal giriof NH- 365B in the state of Telanganaon EPC mode under NHO Annual Plan 2016-17,MoRTH,618143,,,Telangana,2017-03,2017-11,2019-10,2023-10,2026-06,197.0,,3.24,3.24
2026-06,116,Ministry of Road Transport & Highways,Roads & Highways,Rehabilitation & Upgradation of Road from Km 0.00 to Km 18.600 Total length- 18.600 km of Kumarghat-Kailashahar section on NH-208 to 2-lane with Paved shoulder on EPC bais under NHO,NHIDCL,618386,,,Tripura,2020-02,2020-07,2022-01,2024-12,2026-06,277.5,302.03,273.04,273.04
2026-06,117,Ministry of Road Transport & Highways,Roads & Highways,"Construction of four-lane elevated viaduct from km.4634 to km.6345 on NH-24A including Retaining wall, service lane, at grade road and improvement of junctions, on EPC mode",MoRTH,618008,,,Uttar Pradesh,2021-03,2022-03,2023-09,2024-09,2026-06,185.09,269.81,200.32,200.32
2026-06,118,Ministry of Road Transport & Highways,Roads & Highways,Improvement and upgradation to two lane with Paved Shoulder configuration from existing km 55.00 to km 90.00 Design length 34.76 of NH-227A near Chhapia Village to near Sikriganj in the State of UP on EPC Mode.,MoRTH,618110,,,Uttar Pradesh,2021-11,2022-11,2024-05,2025-05,2026-06,307.11,,136.8,136.8
2026-06,119,Ministry of Road Transport & Highways,Roads & Highways,6L Greenfield Kanpur - Lucknow Expressway Pkg II from km. 28.500 to km. 73.744,NHAI,618498,,,Uttar Pradesh,2021-12,2022-11,2025-05,2026-02,2026-06,2471.56,2489.0,1439.5,1439.5
2026-06,120,Ministry of Road Transport & Highways,Roads & Highways,6L of Agra Bypass Northern connecting Km. 174.500 of NH-2 new NH-19 to Km. 141.000 of Yamuna Expressways,NHAI,618553,,,Uttar Pradesh,2022-01,2023-02,2025-02,2026-01,2026-06,957.62,1034.42,759.58,759.58
2026-06,121,Ministry of Road Transport & Highways,Roads & Highways,Strengthening of existing 4L Ayodhya Bypass Section from design Km. 121 600 to Km. 144020 of NH 28 New NH 27Pkg-3,NHAI,618565,,,Uttar Pradesh,2023-03,2023-09,2025-03,2025-11,2026-06,526.45,281.13,270.75,270.75
2026-06,122,Ministry of Road Transport & Highways,Roads & Highways,4L Spur of Panipat - Shamli connecting NH-709AD Panipat Shamli Muzaffarnagar and NH-709A Karnal Meerut bypassing Shamli district UP,NHAI,618770,,,Uttar Pradesh,2021-10,2022-10,2024-10,2025-05,2026-06,516.16,273.42,247.21,247.21
2026-06,123,Ministry of Road Transport & Highways,Roads & Highways,2L PS of Raebareli - Jagdishpur with 4L Jagdishpur Bypass Spur,NHAI,618854,,,Uttar Pradesh,2021-02,2022-01,2024-01,2025-11,2026-06,706.41,752.52,534.31,534.31
2026-06,124,Ministry of Road Transport & Highways,Roads & Highways,"Improvement and Up-Gradation of Existing Road to 2/4L PS from Km 40.000 to 88.750, start of Khutar bypass to start of Shahjahanpur bypass of NH 731Pkg-I",NHAI,618855,,,Uttar Pradesh,2022-03,2023-02,2025-02,2026-03,2026-06,838.68,838.68,616.56,616.56
2026-06,125,Ministry of Road Transport & Highways,Roads & Highways,4L from Mathura Bypass Start at Existing Km. 154.20 of NH-44 to Gaju Village at Km 32.982 of NH-530B Pkg-IB,NHAI,618864,,,Uttar Pradesh,2022-01,2023-03,2025-03,2026-01,2026-06,1722.11,1820.77,1057.04,1057.04
2026-06,126,Ministry of Road Transport & Highways,Roads & Highways,4L from Gaju Village at Km. 32.982 to Devinagar Bypass End at Km. 208.000 of NH-530B Pkg-1C.,NHAI,618865,,,Uttar Pradesh,2021-12,2023-01,2025-01,2025-04,2026-06,1384.79,1496.44,862.65,862.65
2026-06,127,Ministry of Road Transport & Highways,Roads & Highways,4L Prayagraj Greenfield By-pass from design Km 50860 near Nibi Kala Uperhar to design Km 64763 on NH-19 near Khodaypur Kasgaon including Interchange loop at NH-19,NHAI,618959,,,Uttar Pradesh,2023-08,2023-12,2025-03,2026-02,2026-06,1017.99,427.54,412.74,412.74
2026-06,128,Ministry of Road Transport & Highways,Roads & Highways,Reconstruction of existing 2 L/IL to 2L with paved shoulder from existing km 52.200 to 92.880 of NH-,MoRTH,617970,,,Uttarakhand,2016-10,2017-06,2019-06,2023-09,2026-06,282.08,,352.53,352.53
2026-06,129,Ministry of Road Transport & Highways,Roads & Highways,Rehabilitation and upgradation to 2 lane with paved shoulder configuration from km 122.00 Dharasu Bend to km 147.230 Silkyara Bend of NH-94 in the state of Uttarakhand,MoRTH,617975,,,Uttarakhand,2017-03,2017-11,2019-11,2026-01,2026-06,237.79,,196.69,196.69
2026-06,130,Ministry of Steel,Steel,Revamping of old sub-systems of Blast Furnace 3 at Bokaro Steel Plant,Steel Authority of India Limited [SAIL],617253,,,Jharkhand,2023-08,2023-10,2025-07,2026-05,2026-06,513.82,,415.18,415.18
2026-07,1,"Department of Water Resources, River Development & GR",Water Resources,Rajiv Bhima Lift Irrigation Scheme,Irrigation and CAD-TG,701406,,,Telangana,2007-04,2008-01,2019-12,2026-03,2026-06,1402.0,2509.66,1839.76,1839.76
2026-07,2,Ministry of Housing & Urban Affairs,Waste & Water,Pune Water Supply Infrastructure Project,Ministry of Housing & Urban Affairs,702851,,,Maharashtra,2017-03,2017-07,2023-03,2026-08,2026-07,235.95,,220.77,220.77
2026-07,3,Ministry of Petroleum & Natural Gas,Energy Storage,Srikakulam Angul Gas Pipeline Project,Gas Authority of India Limited [GAIL],701343,,,Odisha,2019-09,2019-09,2026-07,2026-07,2026-07,2658.34,2810.0,2315.2,2315.2
2026-07,4,Ministry of Petroleum & Natural Gas,Energy Storage,New Mundra Panipat Crude Oil Pipeline,Indian Oil Corporation Limited [IOCL],400078,,,Rajasthan,2021-12,2021-12,2024-12,2026-07,2026-07,9028.0,9028.0,7554.56,7554.56
2026-07,5,Ministry of Power,Transmission & Distribution,Transmission System for Evacuation of power from Potential RE Zone in Khavda Area of Gujarat under phase IV 7GW-Part E4,Power Grid Corporation of India Limited [POWERGRID],611966,,,Maharashtra,2023-11,2023-11,2025-07,2026-05,2026-06,224.41,,224.41,224.41
2026-07,6,Ministry of Road Transport & Highways,Roads & Highways,Tadipatri Bypass Km 0000 to Km 6285 of 4-Lane on NH-67 in Anantapuramu district of AP state under NHO on EPC Mode under Annual Plan 2022-23,MoRTH,617949,,,Andhra Pradesh,2023-03,2024-03,2026-03,2026-01,2026-01,159.66,,75.74,75.74
2026-07,7,Ministry of Road Transport & Highways,Roads & Highways,Rehabilitation and Upgrading of NH-707 OLD 72-B Package - 2 Hewna to Ashyari,MoRTH,618051,,,Himachal Pradesh,2020-04,2021-03,2023-03,2025-12,2025-12,242.8,220.95,145.49,145.49
2026-07,8,Ministry of Road Transport & Highways,Roads & Highways,Upgradation of Dindori-Sagartola-kabichabutra MP-CG border section of NH -45 from km 000Design to km 77.00 Design to Two lane with paved shoulder configration along with one time improvement in 04 nos. of bypaased built-up areas in a total length of 9.1 km in the state of Madhya Pradesh on EPC mode.,MoRTH,617915,,,Madhya Pradesh,2022-01,2023-09,2025-09,2026-03,2026-03,329.14,319.09,204.39,204.39
2026-07,9,Ministry of Road Transport & Highways,Roads & Highways,Upgradatiobn and Rehabilitation of Section of NH 361 F from Parli 00/000 to Gangakhed 30/400 to Two Lanes with paved shoulder / Four lane configurations on EPC mode in the State of Maharashtra.,MoRTH,618136,,,Maharashtra,2021-03,2022-02,2023-09,2025-08,2025-08,224.44,,268.45,268.45
2026-07,10,Ministry of Road Transport & Highways,Roads & Highways,Rehabilitation and Upgradation of Satana to Mangrul Chandwad Section of NH752 G Design Ch Km 64.000 to Ch Km 101.140 two lane with paved shoulder/four lane configuration in the state of Maharashtra on EPC mode.,MoRTH,618175,,,Maharashtra,2022-03,2023-05,2025-05,2026-02,2026-02,428.8,,184.63,184.63
2026-07,11,Ministry of Road Transport & Highways,Roads & Highways,Beawer Gomti 4LPS from km 58.245 to km 108.600 Pkg-I,MoRTH,617887,,,Rajasthan,2020-12,2021-10,2023-10,2025-12,2025-12,379.23,,206.48,206.48
2026-07,12,Ministry of Road Transport & Highways,Roads & Highways,Widening to Two with Paved shoulders from Km 59.500 to Km 132.033 of Manneguda- Ravunapally section of NH-163 Erstwhile SH-4 in the State of Telangana on EPC mode under NH O Annual Plan 2016-17,MoRTH,617981,,,Telangana,2017-03,2017-05,2019-05,2024-10,2024-10,359.0,,724.23,724.23
2026-07,13,Ministry of Road Transport & Highways,Roads & Highways,Widening and strengthening of existing 2-lane to 2- lane with paved shoulders from km 159/0 to 165/4 and 186/0 to 215/0 of NH-163 on EPC mode int the state of Telangana,MoRTH,617982,,,Telangana,2018-01,2018-06,2019-11,2024-11,2024-11,230.03,,383.3,383.3
2026-07,14,Ministry of Road Transport & Highways,Roads & Highways,Rehabilitation and upgradation of NH-167 from design km 157.707 to 187.723 design length 30.016 km to two lane with paved shoulders of Alinagar- Miryalaguda Sec on EPC mode in the state of Telangana,MoRTH,617993,,,Telangana,2018-02,2018-05,2019-11,2025-12,2025-12,220.28,,223.79,223.79
2026-07,15,Ministry of Road Transport & Highways,Roads & Highways,Khammam-Devarapalle Pkg V [4L Access Controlled Greenfield from Gurvaygudem village to Devarapalle village Design Chainage 132664 to 162126,NHAI,618749,,,Andhra Pradesh,2020-12,2022-09,2024-09,2026-05,2026-05,711.94,926.48,591.01,591.01
2026-07,16,Ministry of Road Transport & Highways,Roads & Highways,Delhi-Vadodara Greenfield Alignment NH-148N Pkg-28 Ch.756052 to Ch.781282,NHAI,618460,,,Gujarat,2020-09,2021-11,2023-11,2026-04,2026-04,1263.38,1266.98,935.5,935.5
2026-07,17,Ministry of Road Transport & Highways,Roads & Highways,Kodinar - Veraval Package VI from km. 221.610 to km. 263.00 of NH-8E & km. 120.900 to km. 121.150 of NH-8D,NHAI,618833,,,Gujarat,2016-02,2018-02,2020-07,2026-05,2026-05,894.01,1127.42,730.06,730.06
2026-07,18,Ministry of Road Transport & Highways,Roads & Highways,Kagvadar - Una Package-IV,NHAI,619146,,,Gujarat,2016-02,2017-03,2019-09,2026-06,2026-06,750.53,955.78,833.13,833.13
2026-07,19,Ministry of Road Transport & Highways,Roads & Highways,Dwarka Expressway Pkg-III Delhi/HR Border to Start of RoB Gurugram,NHAI,618577,,,"Multi-States (Delhi,
Haryana)",2018-01,2018-11,2020-11,2024-05,2024-05,2228.26,2298.37,1775.04,1775.04
2026-07,20,Ministry of Road Transport & Highways,Roads & Highways,4L Poanta SahebMednipur from Km. 435.65 to km. 458.65 of NH-07Pkg-1,NHAI,619291,,,"Multi-States
(Uttarakhand, Himachal
Pradesh)",2022-03,2023-05,2025-05,2026-03,2026-03,524.54,657.32,321.15,321.15
2026-07,21,Ministry of Road Transport & Highways,Roads & Highways,4L of Padalur - Trichy section from km. 285.00 to km. 325.00 of NH - 45 Pkg VI-C,NHAI,619113,,,Tamil Nadu,2005-12,2006-11,2009-05,2026-02,2026-02,555.8,235.8,235.51,235.51
2026-07,22,Ministry of Road Transport & Highways,Roads & Highways,Aligarh-Kanpur Pkg I [Aligarh-Bhadwas],NHAI,618692,,,Uttar Pradesh,2018-03,2019-02,2022-06,2024-12,2024-12,1226.64,2069.6,1359.15,1359.15
2026-07,23,Ministry of Road Transport & Highways,Roads & Highways,Construction of Balance work of 2-Lane with PS of Joram-Koloriang Road NH- 713 on EPC basis from Design Km 44.989 to Km 61.547 Existing Km 50.050 to Km 70.000 in the state of Arunachal Pradesh under SARDP-NE Pkg-3,NHIDCL,618432,,,Arunachal Pradesh,2017-02,2020-10,2022-04,2024-09,2024-09,228.72,,205.68,205.68
2026-07,24,Ministry of Road Transport & Highways,Roads & Highways,Rehabilitation and upgradation to 2 Lane with Paved shoulder of Economic corridor of NH-6 from Design chaiange Km 0.000 to Km 13.510 Package-1 in the state of Mizoram under Bharatmala Pariyojana on EPC mode,NHIDCL,618342,,,Mizoram,2020-03,2020-07,2022-06,2024-06,2024-06,206.9,,214.51,214.51
2026-07,25,Ministry of Road Transport & Highways,Roads & Highways,"Rehabilitation and Up gradation to 2-lane with paved shoulder of Keifang Section Economic Corridor of NH-06 from Existing Chainage Km 30050 Keifang to Km 50360 Keifang, Design Chainage Km 27400 to Km 45040 PkgIII in the State of Mizoram under Bharatmala Pariyojna on EPC Mode Seling-Dulte - III",NHIDCL,618343,,,Mizoram,2020-03,2020-07,2022-06,2024-10,2024-10,292.23,,298.93,298.93
