project_id,project_name,completion_report_month,actual_date_of_completion,intended_t2_cutoff,selected_snapshot_month,lead_time_months,selection_status,usable_for_training,exclusion_reason
610940,"Additional Infrastructure at IISc Bangalore-RCC Monolithic for Men Hostel S14, Women Hostel S11 , Postdoctoral Hostel S12 2 Block , International Hostel S 12 , D&E Block S 12 2 Block FR.",2025-12,2025-12,2025-10,,,EXCLUDED_NO_TABLE6_HISTORY,False,Project completed in Dec 2025 without prior Table 6 monitoring snapshots in dataset.
612135,Hostel 4 -Earlier Known as Hostel 20,2025-12,2025-12,2025-10,,,EXCLUDED_NO_TABLE6_HISTORY,False,Project completed in Dec 2025 without prior Table 6 monitoring snapshots in dataset.
709858,OPTICAL TRANSPORT NETWORK [OTN] PH-4 IN BSNL,2025-12,2025-10,2025-08,,,EXCLUDED_NO_TABLE6_HISTORY,False,Project completed in Dec 2025 without prior Table 6 monitoring snapshots in dataset.
612063,"Construction of New Terminal Building, Second Link Taxi Track, Apron Expansion, and associated works at Prayagraj Airport- On Design & Build Basis.",2025-12,2025-10,2025-08,,,EXCLUDED_NO_TABLE6_HISTORY,False,Project completed in Dec 2025 without prior Table 6 monitoring snapshots in dataset.
400145,CHHAL OC SEAM III [6 MTY],2025-12,2025-12,2025-10,,,EXCLUDED_NO_TABLE6_HISTORY,False,Project completed in Dec 2025 without prior Table 6 monitoring snapshots in dataset.
702842,Nagpur Water Supply Infrastructure Project,2025-12,2026-01,2025-11,,,EXCLUDED_NO_TABLE6_HISTORY,False,Project completed in Dec 2025 without prior Table 6 monitoring snapshots in dataset.
612239,Construction of 100 bedded ESIC Hospital & 32 nos. of Staff qtrs at OMPURA J&K.,2025-12,2025-12,2025-10,,,EXCLUDED_NO_TABLE6_HISTORY,False,Project completed in Dec 2025 without prior Table 6 monitoring snapshots in dataset.
400158,Debottlenecking and Augmentation of Cryogenic facilities at Uran LPG Import Terminal,2025-12,2025-12,2025-10,,,EXCLUDED_NO_TABLE6_HISTORY,False,Project completed in Dec 2025 without prior Table 6 monitoring snapshots in dataset.
610985,Construction of lube oil blending plant at Rasayani,2025-12,2025-12,2025-10,,,EXCLUDED_NO_TABLE6_HISTORY,False,Project completed in Dec 2025 without prior Table 6 monitoring snapshots in dataset.
709748,BIKANER SOLAR POWER PROJECT,2025-12,2025-12,2025-10,,,EXCLUDED_NO_TABLE6_HISTORY,False,Project completed in Dec 2025 without prior Table 6 monitoring snapshots in dataset.
602194,Khurja super Thermal Power Plant [2X660 MW],2025-12,2025-09,2025-07,,,EXCLUDED_NO_TABLE6_HISTORY,False,Project completed in Dec 2025 without prior Table 6 monitoring snapshots in dataset.
611659,Transmission system strengthening scheme for evacuation of power from solar energy zones in Rajasthan[8.1 GW] under phase-II- Part E,2025-12,2026-01,2025-11,,,EXCLUDED_NO_TABLE6_HISTORY,False,Project completed in Dec 2025 without prior Table 6 monitoring snapshots in dataset.
611937,Adraj Moti Vijapur 40 Kms,2025-12,2025-12,2025-10,,,EXCLUDED_NO_TABLE6_HISTORY,False,Project completed in Dec 2025 without prior Table 6 monitoring snapshots in dataset.
705300,Western Region Video Surveillance Project,2025-12,2026-01,2025-11,,,EXCLUDED_NO_TABLE6_HISTORY,False,Project completed in Dec 2025 without prior Table 6 monitoring snapshots in dataset.
705779,"Phephna-Indara, Mau-Shahganj doubling excluding Indara-Mau",2025-12,2025-12,2025-10,,,EXCLUDED_NO_TABLE6_HISTORY,False,Project completed in Dec 2025 without prior Table 6 monitoring snapshots in dataset.
705784,Janghai-Phaphamau Doubling Rail Line Project,2025-12,2025-01,2024-11,,,EXCLUDED_NO_TABLE6_HISTORY,False,Project completed in Dec 2025 without prior Table 6 monitoring snapshots in dataset.
400065,Installation of 4th Slab Caster along with its Auxiliaries and a New Ladle Furnace in SMS-II at Rourkela Steel Plant,2025-12,,,,,EXCLUDED_NO_VERIFIED_ACTUAL_DATE,False,actual_date_of_completion is NA in Table 3. Excluded to avoid fabricating completion dates.
400235,"Setting up a common user Petroleum Terminal at Jammu, J&K for resitement of existing PSU OMC's Depots from Jammu City",2026-01,2026-01,2025-11,,,EXCLUDED_NO_OBSERVATION_BEFORE_T2,False,"Actual completion was 2026-01, requiring snapshot <= 2025-11, but earliest monitoring record is 2025-12."
611657,Transmission scheme for evacuation of 4.5GW RE injection at Khavda PS under Phase II- Part C,2026-01,2026-01,2025-11,,,EXCLUDED_NO_OBSERVATION_BEFORE_T2,False,"Actual completion was 2026-01, requiring snapshot <= 2025-11, but earliest monitoring record is 2025-12."
400234,Third Railway Line between Patratu-Sonnagar [291 kms],2026-01,2026-02,2025-12,2025-12,2.0,EXACT_T2_SNAPSHOT,True,NONE
702948,Jaunpur Sewerage Management Infrastructure Project,2026-02,2026-03,2026-01,2026-01,2.0,EXACT_T2_SNAPSHOT,True,NONE
709790,Replacement and Extension of Jetty Pipelines [REJP] at KR,2026-02,2026-02,2025-12,2025-12,2.0,EXACT_T2_SNAPSHOT,True,NONE
709789,Installation of Independent De- Aromatized Solvents [DAS] production facilities at MR,2026-02,2026-02,2025-12,2025-12,2.0,EXACT_T2_SNAPSHOT,True,NONE
400161,"PP Project, Pata",2026-02,2026-02,2025-12,2025-12,2.0,EXACT_T2_SNAPSHOT,True,NONE
611950,Transmission system for evacuation of power from REZ in Rajasthan 20 GW under Phase-III part B1,2026-02,2026-03,2026-01,2026-01,2.0,EXACT_T2_SNAPSHOT,True,NONE
705789,Penukonda - Dharmavaram Doubling Project [41.5 Km],2026-02,2026-02,2025-12,2025-12,2.0,EXACT_T2_SNAPSHOT,True,NONE
611944,Quadrupling between Gandhidham Adipur with Y connection at Adipur for providing direct entry towards Mundra Port and Bhuj and high level platform at Gopalpur 11Kms,2026-02,2026-02,2025-12,2025-12,2.0,EXACT_T2_SNAPSHOT,True,NONE
705635,Trivandrum- Kanyakumari,2026-02,2026-03,2026-01,2026-01,2.0,EXACT_T2_SNAPSHOT,True,NONE
618424,Construction of 2-Laning with hard shoulders of Hayuliang Hawai bypass Road on EPC basis from design Km. 51.825 to Km. 63.131 Existing Km 45.050 of HayuliangHawai road to Hawai Town under SARDP-NE -Balance work Pkg - IV,2026-02,,,,,EXCLUDED_NO_VERIFIED_ACTUAL_DATE,False,actual_date_of_completion is NA in Table 3. Excluded to avoid fabricating completion dates.
701600,354 Uncovered Villages Scheme,2026-03,,,,,EXCLUDED_NO_VERIFIED_ACTUAL_DATE,False,actual_date_of_completion is NA in Table 3. Excluded to avoid fabricating completion dates.
702631,"Ahmedabad Metro Rail Project, Phase-II",2026-03,,,,,EXCLUDED_NO_VERIFIED_ACTUAL_DATE,False,actual_date_of_completion is NA in Table 3. Excluded to avoid fabricating completion dates.
702633,Delhi-Ghaziabad-Meerut Regional Rapid Transit System [RRTS] corridor,2026-03,2026-02,2025-12,2025-12,2.0,EXACT_T2_SNAPSHOT,True,NONE
612185,C/o Construction of 200 bedded [Up-gradable to 300 bedded] ESI Hospital at Surat Gujarat.,2026-03,,,,,EXCLUDED_NO_VERIFIED_ACTUAL_DATE,False,actual_date_of_completion is NA in Table 3. Excluded to avoid fabricating completion dates.
616235,Construction of Aviation Fuel farm Facilities at Bhogapuram Airport,2026-03,2026-03,2026-01,2026-01,2.0,EXACT_T2_SNAPSHOT,True,NONE
400077,"Grass root POL Terminal at Vallur, Chennai",2026-03,2026-03,2026-01,2026-01,2.0,EXACT_T2_SNAPSHOT,True,NONE
709766,"City Gas Distribution Project at Kurnool, Guntur & Prakasam Districts",2026-03,2026-03,2026-01,2026-01,2.0,EXACT_T2_SNAPSHOT,True,NONE
709846,Part Replacement Pipeline Project [PRPP],2026-03,2026-03,2026-01,2026-01,2.0,EXACT_T2_SNAPSHOT,True,NONE
701350,Upgradation of Facilities of Numaligarh-Siliguri Product Pipeline [NSPL] for transportation of additional products from existing 1.72 MMTPA to 5.5 MMTPA,2026-03,2026-03,2026-01,2026-01,2.0,EXACT_T2_SNAPSHOT,True,NONE
701568,Construction of oil jetty No.8 at old kandla through internal resources,2026-03,2024-03,2024-01,,,EXCLUDED_NO_OBSERVATION_BEFORE_T2,False,"Actual completion was 2024-03, requiring snapshot <= 2024-01, but earliest monitoring record is 2025-12."
701576,Berth No. 2 [previously Berth 3] of HDC Mechanization Project,2026-03,2026-01,2025-11,,,EXCLUDED_NO_OBSERVATION_BEFORE_T2,False,"Actual completion was 2026-01, requiring snapshot <= 2025-11, but earliest monitoring record is 2025-12."
602193,Tehri Pumped Storage Plant Project [4x250 MW],2026-03,2026-04,2026-02,2026-02,2.0,EXACT_T2_SNAPSHOT,True,NONE
612856,Augmentation of 1x1500 MVA 3rd 765/400 kV transformation capacity at Kurnool New Substation,2026-03,2026-03,2026-01,2026-01,2.0,EXACT_T2_SNAPSHOT,True,NONE
705651,Katni - Bina Third Railway Line [279 km],2026-03,2026-03,2026-01,2026-01,2.0,EXACT_T2_SNAPSHOT,True,NONE
705662,Hotgi-Kudgi-Gadag Doubling Project,2026-03,2026-03,2026-01,2026-01,2.0,EXACT_T2_SNAPSHOT,True,NONE
618575,"6L Standalone Flyovers at Bongaigaon, Chapaguri, Pathsala, Simlaguri chowk and Baihata Bypass Junctions on stretches of NH-31 and NH-27",2026-03,,,,,EXCLUDED_NO_VERIFIED_ACTUAL_DATE,False,actual_date_of_completion is NA in Table 3. Excluded to avoid fabricating completion dates.
618461,Delhi-Vadodara Greenfield Alignment NH-148N Pkg-30 Ch 803420 to Ch.824920 [Baletiya Village - Junction near Pratap Nagar Village],2026-03,,,,,EXCLUDED_NO_VERIFIED_ACTUAL_DATE,False,actual_date_of_completion is NA in Table 3. Excluded to avoid fabricating completion dates.
618546,Construction of Tunnels/Viaducts at identified sliding/slip zones at Km 130.550 to Km.130.750 Km. 131.170 to Km. 131.763 Km. 132.560 to Km. 133.168 Km. 133.590 to Km. 133.743 and Km. 147.877 to Km. 148.715 of Udhampur-Ramban section of NH-44,2026-03,,,,,EXCLUDED_NO_VERIFIED_ACTUAL_DATE,False,actual_date_of_completion is NA in Table 3. Excluded to avoid fabricating completion dates.
618548,Stand-alone Ring road/bypass around Jammu City from Raya Morh km. -0.687 to Jagti km. 57.568,2026-03,,,,,EXCLUDED_NO_VERIFIED_ACTUAL_DATE,False,actual_date_of_completion is NA in Table 3. Excluded to avoid fabricating completion dates.
619115,4L of Byrapura to Challakere Section from km 308.550 to km 358.500 of NH-150 A,2026-03,,,,,EXCLUDED_NO_VERIFIED_ACTUAL_DATE,False,actual_date_of_completion is NA in Table 3. Excluded to avoid fabricating completion dates.
618696,Bellary to Byrapura Section km 253.600 to km 308.550 of NH-150A,2026-03,,,,,EXCLUDED_NO_VERIFIED_ACTUAL_DATE,False,actual_date_of_completion is NA in Table 3. Excluded to avoid fabricating completion dates.
618876,4L of Nagina-Kashipur section from km. 73.00 to km. 175.00 of NH-74,2026-03,,,,,EXCLUDED_NO_VERIFIED_ACTUAL_DATE,False,actual_date_of_completion is NA in Table 3. Excluded to avoid fabricating completion dates.
618789,6L of IT City Chowk to Kurali Chandigarh Road,2026-03,,,,,EXCLUDED_NO_VERIFIED_ACTUAL_DATE,False,actual_date_of_completion is NA in Table 3. Excluded to avoid fabricating completion dates.
618689,4L Rampur Bypass from Km. 181.000 to Km. 189.500,2026-03,,,,,EXCLUDED_NO_VERIFIED_ACTUAL_DATE,False,actual_date_of_completion is NA in Table 3. Excluded to avoid fabricating completion dates.
709827,CONSTRUCTION OF RESIDENTIAL TOWERS AT BIOM KIRANDUL COMPLEX,2026-03,2026-03,2026-01,2026-01,2.0,EXACT_T2_SNAPSHOT,True,NONE
707267,Upgradation of Sewerage system in Gandhinagar City,2026-04,2026-03,2026-01,2026-01,2.0,EXACT_T2_SNAPSHOT,True,NONE
702735,Sewerage Management Scheme Part-3 Implementation,2026-04,2026-04,2026-02,2026-02,2.0,EXACT_T2_SNAPSHOT,True,NONE
702764,24/7 water supply under AMRUT for Davanagere,2026-04,2026-05,2026-03,2026-03,2.0,EXACT_T2_SNAPSHOT,True,NONE
702798,Jabalpur Sewerage Management and Treatment Infrastructure Project,2026-04,2026-04,2026-02,2026-02,2.0,EXACT_T2_SNAPSHOT,True,NONE
612178,"Construction of 100 Bedded ESIC Hospital building and 32 Nos Residential Quarters at Vallam Vadangal, SIPCOT, Sriperumbudur",2026-04,2026-05,2026-03,2026-03,2.0,EXACT_T2_SNAPSHOT,True,NONE
612151,Transmission System for Evacuation of Power from potential Renewable Energy zone in Khavda Area of Gujarat under Phase IV [7 GW] Part E3,2026-04,2026-04,2026-02,2026-02,2.0,EXACT_T2_SNAPSHOT,True,NONE
611951,Transmission system for evacuation of power from REZ in Rajasthan 20GW under Phase-III Part E1,2026-04,2026-04,2026-02,2026-02,2.0,EXACT_T2_SNAPSHOT,True,NONE
705503,Pune - Miraj-Londa [467 Kilometres],2026-04,,,,,EXCLUDED_NO_VERIFIED_ACTUAL_DATE,False,actual_date_of_completion is NA in Table 3. Excluded to avoid fabricating completion dates.
618555,"Flyover at Km.544.650 including ROB, Service Roads ,Footpath for RCC drains on urban link to Nagpur -Raipur road Pardi octroi Naka to Itwari",2026-04,,,,,EXCLUDED_NO_VERIFIED_ACTUAL_DATE,False,actual_date_of_completion is NA in Table 3. Excluded to avoid fabricating completion dates.
612819,300 MW SPP part of 510 MW CPSU scheme,2026-05,2026-01,2025-11,,,EXCLUDED_NO_OBSERVATION_BEFORE_T2,False,"Actual completion was 2026-01, requiring snapshot <= 2025-11, but earliest monitoring record is 2025-12."
615327,50 MW Solar PP Minedout Area,2026-05,2026-01,2025-11,,,EXCLUDED_NO_OBSERVATION_BEFORE_T2,False,"Actual completion was 2026-01, requiring snapshot <= 2025-11, but earliest monitoring record is 2025-12."
400259,Ghatampur Thermal Power Plant 3 X 660 MW,2026-05,2026-06,2026-04,2026-04,2.0,EXACT_T2_SNAPSHOT,True,NONE
702639,Ahmedabad Metro Rail Project [Phase-I],2026-05,2026-05,2026-03,2026-03,2.0,EXACT_T2_SNAPSHOT,True,NONE
702840,Mira-Bhayandar Water Supply Infrastructure Project,2026-05,2026-06,2026-04,2026-04,2.0,EXACT_T2_SNAPSHOT,True,NONE
702854,Solapur Sewerage Management Infrastructure Project,2026-05,2026-06,2026-04,2026-04,2.0,EXACT_T2_SNAPSHOT,True,NONE
612201,"Construction of 200 bedded ESIC Hospital with 62 Nos Staff quarters , Beltola",2026-05,2026-05,2026-03,2026-03,2.0,EXACT_T2_SNAPSHOT,True,NONE
612188,"Construction of 200 Bedded [Upgradable to 500 Bedded including 50 beds of SST] ESIC Hospital at Bibewadi, Pune",2026-05,,,,,EXCLUDED_NO_VERIFIED_ACTUAL_DATE,False,actual_date_of_completion is NA in Table 3. Excluded to avoid fabricating completion dates.
607701,"Guwahati Refinery Expansion [1.0 to 1.2 MMTPA] along with installation of CRU, Guwahati Refinery",2026-05,2026-05,2026-03,2026-03,2.0,EXACT_T2_SNAPSHOT,True,NONE
709757,"CGD Project in Banka, Dumka, Godda, Jamtara, Pakur, Sahibganj GA ID 11A.02",2026-05,2026-05,2026-03,2026-03,2.0,EXACT_T2_SNAPSHOT,True,NONE
701354,Mumbai Nagpur Jharsuguda Pipeline Project,2026-05,2026-05,2026-03,2026-03,2.0,EXACT_T2_SNAPSHOT,True,NONE
709758,"CGD Project in Malda, Birbhum, Murshidabad, Dakshin Dinajpur GA ID 11A.03",2026-05,2026-05,2026-03,2026-03,2.0,EXACT_T2_SNAPSHOT,True,NONE
400005,Transmission Network Expansion in Gujarat to increase its ATC from ISTS Part B,2026-05,2026-05,2026-03,2026-03,2.0,EXACT_T2_SNAPSHOT,True,NONE
611947,Transmission System for Evacuation of Power from REZ in Rajasthan 20GW under Phase III- Part E2,2026-05,2026-05,2026-03,2026-03,2.0,EXACT_T2_SNAPSHOT,True,NONE
619137,4L of Dwarka-Khambaliya-Devariya section from km 203.500 to km 176.500 and from km 171.800 to km 125.000 of NH-151A,2026-05,,,,,EXCLUDED_NO_VERIFIED_ACTUAL_DATE,False,actual_date_of_completion is NA in Table 3. Excluded to avoid fabricating completion dates.
619070,Tumkur-Chitradurga,2026-05,,,,,EXCLUDED_NO_VERIFIED_ACTUAL_DATE,False,actual_date_of_completion is NA in Table 3. Excluded to avoid fabricating completion dates.
701105,Goa Airport Terminal Building Extension Project,2026-06,2026-06,2026-04,2026-04,2.0,EXACT_T2_SNAPSHOT,True,NONE
701263,Rajasthan Refinery Project,2026-06,2026-06,2026-04,2026-04,2.0,EXACT_T2_SNAPSHOT,True,NONE
400035,"Grass Root Rail-fed Depot at Sekerkote, Agartala as resitement of existing Dharmanagar Depot",2026-06,2026-06,2026-04,2026-04,2.0,EXACT_T2_SNAPSHOT,True,NONE
709760,HP TDAE Unit in Mumbai Refinery,2026-06,2026-06,2026-04,2026-04,2.0,EXACT_T2_SNAPSHOT,True,NONE
709782,ATF Pipeline from Jawaharlal Nehru Port Trust to Navi Mumbai International Airport,2026-06,2026-06,2026-04,2026-04,2.0,EXACT_T2_SNAPSHOT,True,NONE
611967,Transmission Scheme for Solar Energy Zone in Ananthpuram 2500MW and Kurnool 1000MW,2026-06,2026-06,2026-04,2026-04,2.0,EXACT_T2_SNAPSHOT,True,NONE
900808,Transmission System for Kurnool Wind Energy Zone/ Solar Energy Zone Part-A and Part-B,2026-06,2026-06,2026-04,2026-04,2.0,EXACT_T2_SNAPSHOT,True,NONE
611948,Transmission system for evacuation of power from REZ in Rajasthan 20 GW under Phase-III part H,2026-06,2026-06,2026-04,2026-04,2.0,EXACT_T2_SNAPSHOT,True,NONE
617907,Rehabilitation and Up-gradation from Km 170700 Bhadrachalam to Km 234567 Konta on NH-30 to Two lane with Paved Shoulder in the State of Andra Pradesh on EPC mode.,2026-06,2026-06,2026-04,2026-04,2.0,EXACT_T2_SNAPSHOT,True,NONE
617990,Construction of bypass road to Adoni town connecting NH-167 Hagari - Jadcharla road from km.62/700 to 71/400 in Kurnool District in the State of Andhra Pradesh.,2026-06,2026-06,2026-04,2026-04,2.0,EXACT_T2_SNAPSHOT,True,NONE
618145,Widening to two lane with paved shoulder of Rampachodavaram - Koyyuru section of NH 516E from Km 43700 to Km 113820 in the State of Andhra Pradesh on EPC mode Job No. 737,2026-06,2026-06,2026-04,2026-04,2.0,EXACT_T2_SNAPSHOT,True,NONE
618161,Widening and Reconstruction of existing road to four lane from Km.56400 to Km 120300 i.e. from B.Kothapalli Junction to Gorantla excluding Kadiri Bypass from Km 70200 to Km 77105 of NH 716G in the State of Andhra Pradesh on EPC mode Job no. 742,2026-06,2026-06,2026-04,2026-04,2.0,EXACT_T2_SNAPSHOT,True,NONE
618191,"Rehabilitation and upgradation of NH-167AD from Macherla to Dachepalli via Paluvai Junction, Rentachinthala, Gurazala from Km.0.000 to 43.659 to two lane with paved shoulders in the state of Andhra Pradesh job-729",2026-06,2026-06,2026-04,2026-04,2.0,EXACT_T2_SNAPSHOT,True,NONE
618237,Rehabilitation and Up-gradation of Pasarlapudi to Dhindi section from Km 105/170 to Km 126/510 of NH -214 New NH -216 to two lane with paved shoulder in the state of Andhra Pradesh under NHDP-IV,2026-06,2026-06,2026-04,2026-04,2.0,EXACT_T2_SNAPSHOT,True,NONE
618258,Two laning with paved shoulders of Gondiguda to Araku uptoBhallaguda section of NH 516E,2026-06,2026-06,2026-04,2026-04,2.0,EXACT_T2_SNAPSHOT,True,NONE
618259,Two laning with paved shoulders of Paderu to GundigudaSection of NH 516E,2026-06,2026-06,2026-04,2026-04,2.0,EXACT_T2_SNAPSHOT,True,NONE
618527,Six Laning of Vijayawada Bypass from Gollapudi to Chinnakakani in Vijayawada - Gundugolanu Section from km. 30.00 to km. 47.881 Pkg-IV,2026-06,2026-06,2026-04,2026-04,2.0,EXACT_T2_SNAPSHOT,True,NONE
618748,Khammam-Devarapalle Pkg IV [4L Access Controlled Greenfield from Recherla village to Gurvaygudem village Design Chainage 105236 to 132664],2026-06,2026-06,2026-04,2026-04,2.0,EXACT_T2_SNAPSHOT,True,NONE
618919,4L PS from Mandlem Existing Km. 38.000/Design Km.30.600 to Atmakur Existing Km.73.000/Design Km 66.115 of NH340C Package2,2026-06,2026-06,2026-04,2026-04,2.0,EXACT_T2_SNAPSHOT,True,NONE
618576,"6L Standalone Flyovers at Raha, Demow, Borghat, Kathiatali junctions and ROB at Jagiroad on stretches of NH 36 and NH 27",2026-06,2026-06,2026-04,2026-04,2.0,EXACT_T2_SNAPSHOT,True,NONE
618285,Widening/Improvement to 4 -Lane with Paved Shoulder from Ch. 88.000km to Ch.99.930 km Design Ch.84.100km to Ch.96.000 km of Sagunbashi forest near Nichinta to starting of Krishnai Bypass Section of Bilasipura Guwahati road NH 17 on EPC Package-7,2026-06,2026-06,2026-04,2026-04,2.0,EXACT_T2_SNAPSHOT,True,NONE
618327,Widening/Improvement to 4-Lane with Paved Shoulder from KM 113300 to Km 146230 Design Chainage 113830 to 145712 of Kwaram Taro Village - Dillai Section in Assam on EPC Package-6,2026-06,2026-06,2026-04,2026-04,2.0,EXACT_T2_SNAPSHOT,True,NONE
618330,Construction of 4/6 Laning from existing Km 159.400 of NH-36 to existing Km 102.500 of NH-39 and upto end point of Assam portion [Design Km 118.050 to design Km 132.375] Total New Alignment length of 14.325 Km of Daboka - Dimapur Section Dimapur Bypass in the state of Assam under SARDP-NE 'Phase-A' on EPC mode Assam Portion,2026-06,2026-06,2026-04,2026-04,2.0,EXACT_T2_SNAPSHOT,True,NONE
618372,"Widening / Improvement to 4-Lane with Paved Shoulder configuration of existing single lane road from Kachukhana Harichara Paglagaunj to Dhubri - Phulbari Bridge approach Package-II of Srirampur - Dhubri Section of NH-127B from existing Km 28.050 to Km 55.060 Design Km 27.650 to Km 54.154, Design Length26.504 Km under JICA ODA Loan assistance Phase-V [Srirampur - Dhubri Pkg-2]",2026-06,2026-06,2026-04,2026-04,2.0,EXACT_T2_SNAPSHOT,True,NONE
617959,Rehabilitation & Widening work for 2 Lane with Paved Shoulder of Existing NH-80 from km 70.15 to Km 121.025 of Munger-Suttanganj -BhagatpurMirzachowki section on EPC Mode in the State of Bihar.,2026-06,2026-06,2026-04,2026-04,2.0,EXACT_T2_SNAPSHOT,True,NONE
618570,4L Elevated Highway and at grade improvements at Gopalganj Town from Km. 384.000 to Km. 386.750 on NH-27,2026-06,2026-06,2026-04,2026-04,2.0,EXACT_T2_SNAPSHOT,True,NONE
618582,4L of Galgalia - Bahadurganj section from Km 0.000 to Km 49.000 Package-I of NH327E,2026-06,2026-06,2026-04,2026-04,2.0,EXACT_T2_SNAPSHOT,True,NONE
618583,4L of Bahadurganj Araria section from Km 49.000 to Km 94.000 Package-II of NH-327E,2026-06,2026-06,2026-04,2026-04,2.0,EXACT_T2_SNAPSHOT,True,NONE
618774,Ara - Mohania Pkg-II,2026-06,2026-06,2026-04,2026-04,2.0,EXACT_T2_SNAPSHOT,True,NONE
618779,4L of Aurangabad-Paithan,2026-06,2026-06,2026-04,2026-04,2.0,EXACT_T2_SNAPSHOT,True,NONE
618839,Aunta - Simaria including Ganga Bridge,2026-06,2026-06,2026-04,2026-04,2.0,EXACT_T2_SNAPSHOT,True,NONE
618915,4L of Bal. works of Patna - Gaya -Dobhi Pkg-II from km. 39.00 to km. 83.00 of Old NH-83,2026-06,2026-06,2026-04,2026-04,2.0,EXACT_T2_SNAPSHOT,True,NONE
618916,4L of Bal. works of Patna - Gaya -Dobhi Pkg-III from km. 83.00 to km. 127.217 of Old NH-83,2026-06,2026-06,2026-04,2026-04,2.0,EXACT_T2_SNAPSHOT,True,NONE
619320,Muzaffarpur - Sonbarsa Section of NH-77 from km 2.800 to km 89.000,2026-06,2026-06,2026-04,2026-04,2.0,EXACT_T2_SNAPSHOT,True,NONE
617973,Strengthening and widening of existing 2 lane road to two lane paved shoulder from km 7.750 to 26.542 & km. 32.093 to 45.786 of NH-130 on EPC mode in the state of chhattisgarh.job No. 130-CG-2017-18-348,2026-06,2026-06,2026-04,2026-04,2.0,EXACT_T2_SNAPSHOT,True,NONE
618064,Up-gradation of NH-930 Sherpar to Kohka from Km.67880 to Km.114860 to 2LPS in Chhattisgarh under EPC mode,2026-06,2026-06,2026-04,2026-04,2.0,EXACT_T2_SNAPSHOT,True,NONE
618078,Up-gradation of NH-130C Abhanpur to Paund from NH Km. 0000 to KM 40380 to two lane with paved shoulders in the State of Chhattisgarh on EPC mode.,2026-06,2026-06,2026-04,2026-04,2.0,EXACT_T2_SNAPSHOT,True,NONE
618849,Conversion of Partially Excavated Escape Tunnel to Uni-Directional 2L Tunnelincluding construction of cross passages and approach roads on either side of the tunnel from Km 12.732 to Km 14.568 of Kiratpur to Nerchowk Section of NH-21,2026-06,2026-06,2026-04,2026-04,2.0,EXACT_T2_SNAPSHOT,True,NONE
618578,6L Access Controlled Highway from DND Maharani Bagh - Jn. with Jaitpur - Pushta Road of NH-148NA from km. 0.00 to km. 9.00 in NCR,2026-06,2026-06,2026-04,2026-04,2.0,EXACT_T2_SNAPSHOT,True,NONE
618464,Vadodara Mumbai Expressway Ena -Kim Phase IB - Pkg VI [Km 217.500 to Km 254.430],2026-06,2026-06,2026-04,2026-04,2.0,EXACT_T2_SNAPSHOT,True,NONE
618465,Vadodara Mumbai Expressway Gandeva to Ena Phase IB - Pkg VII [Km 190.00 to Km 217.500],2026-06,2026-06,2026-04,2026-04,2.0,EXACT_T2_SNAPSHOT,True,NONE
618501,Ahmedabad - Dholera Pkg I from km. 0.00 to km. 22.00 [Sardar Patel Ring Road - Sindhrej Village],2026-06,2026-06,2026-04,2026-04,2.0,EXACT_T2_SNAPSHOT,True,NONE
618502,Ahmedabad - Dholera Pkg II from km. 22.00 to km. 48.52 [Sindhrej Village - Vejallka Village],2026-06,2026-06,2026-04,2026-04,2.0,EXACT_T2_SNAPSHOT,True,NONE
618614,Sanchore - Santalpur from km 67.000 - km 99.000 of NH-754K AJ-RGBS- Package-3,2026-06,2026-06,2026-04,2026-04,2.0,EXACT_T2_SNAPSHOT,True,NONE
618699,Pipli Bhavnagar-Package 1 from km 136.025 to km 169.328,2026-06,2026-06,2026-04,2026-04,2.0,EXACT_T2_SNAPSHOT,True,NONE
618834,4L Kodinar - Veraval Package VI from km. 222.400 to km. 230.00 Kodinar Bypass of NH-8E NH 51 new,2026-06,2026-06,2026-04,2026-04,2.0,EXACT_T2_SNAPSHOT,True,NONE
618835,4L of Bal Works of Talaja - Mahuva from 54.990 km. to 100.450 km. of Old NH- 8E Package-II,2026-06,2026-06,2026-04,2026-04,2.0,EXACT_T2_SNAPSHOT,True,NONE
619067,6L of Chiloda-Naroda section from Km. 540.595 to Km. 555.595 of NH- 8Package-VII,2026-06,2026-06,2026-04,2026-04,2.0,EXACT_T2_SNAPSHOT,True,NONE
619147,4L of Bal Works of Mahuva to Kagvadar from 100.450 Km. to 140.470 Km. of NH-8E Pkg- III,2026-06,2026-06,2026-04,2026-04,2.0,EXACT_T2_SNAPSHOT,True,NONE
619148,4L of Bhavnagar - Talaja Package-I from Km. 6.945 to Km. 54.990 of Old NH-8E,2026-06,2026-06,2026-04,2026-04,2.0,EXACT_T2_SNAPSHOT,True,NONE
618484,Delhi-Amritsar-Katra Expressway Phase-I Pkg-III from Junction with Jind-Panipat road NH-352A near Gangana village to Junction with Jind-Karnal road NH-709A near Alewa village Km 60800 to Km 91400,2026-06,2026-06,2026-04,2026-04,2.0,EXACT_T2_SNAPSHOT,True,NONE
618485,Delhi-Amritsar-Katra Expressway Phase-I Pkg-IV from Junction with Jind-Karnal road NH-709A near Alewa village to Junction with Ambala-Kaithal-Hissar road NH-152 near Kharak Pandwa village Km 91400 to Km 120250,2026-06,2026-06,2026-04,2026-04,2.0,EXACT_T2_SNAPSHOT,True,NONE
618050,Rehabilitation and Upgradation to 2-lane/Intermediate lane configuration of Ashyari-Shri Kyari Section km 50.000 to km 75.000 of NH-707 in the state of Himachal Pradesh under Green National Highways Corridor Project GNHCP with the loan assistance of World Bank on EPC mode.,2026-06,2026-06,2026-04,2026-04,2.0,EXACT_T2_SNAPSHOT,True,NONE
618396,Construction & Upgradation to 2 lane with paved shoulder from Design Km. 31.449 Khellani Ex. Km 44.946 to Km 51.700 Prem Nagar Ex. Km 68617 of 20.251 Km length on Khellani - Kishtwar - Chattroo section of NH-244 in the UT of J&K on EPC Mode under NHO-Gen PKG- 1,2026-06,2026-06,2026-04,2026-04,2.0,EXACT_T2_SNAPSHOT,True,NONE
618829,4L from km 196.87 Sankha to km 219.6 Khajuri on NH-75 [Rehla / Garhwa Bypass],2026-06,2026-06,2026-04,2026-04,2.0,EXACT_T2_SNAPSHOT,True,NONE
618946,4L of Mehgama - Hansdiha from km. 41.900 to km. 93.000 of NH -133A Pkg-II,2026-06,2026-06,2026-04,2026-04,2.0,EXACT_T2_SNAPSHOT,True,NONE
617954,Balance work of Rehabilitation and upgrading to 2lane/2lane with paved shoulder configuration and strengthening from from Km 343.80 to 400.33 of Gowribidanur- Chik Ballapur section in the state of Karnataka Under Annual Plan 2021-22 under EPC Mode.-952,2026-06,2026-06,2026-04,2026-04,2.0,EXACT_T2_SNAPSHOT,True,NONE
618698,Challakere to Hariyur section from km 358.500 to km 414.205 of NH-150 A,2026-06,2026-06,2026-04,2026-04,2.0,EXACT_T2_SNAPSHOT,True,NONE
619121,4L of Hubli - Hospet Section of NH-63 from Km 128.850 to Km 272.571,2026-06,2026-06,2026-04,2026-04,2.0,EXACT_T2_SNAPSHOT,True,NONE
619144,Hospet - Chitradurga from km. 299.00 to km. 418.750,2026-06,2026-06,2026-04,2026-04,2.0,EXACT_T2_SNAPSHOT,True,NONE
618045,"Construction of Mihona bypass, Lahar bypass, Daboh bypass & Bhander Bypass total length 20.60 km to 2-lane with paved shoulder from on Mihona-Bhander- MP/UP border section of NH 552E in the State of Madhya Pradesh on EPC mode",2026-06,2026-06,2026-04,2026-04,2.0,EXACT_T2_SNAPSHOT,True,NONE
618625,Indore - Gujarat / MP Border from km. Km 9.500 to Km 171.000 of NH-59 in MP,2026-06,2026-06,2026-04,2026-04,2.0,EXACT_T2_SNAPSHOT,True,NONE
618665,4L of Sagar - Mohari from Km.8 to Km.50 Pkg-I,2026-06,2026-06,2026-04,2026-04,2.0,EXACT_T2_SNAPSHOT,True,NONE
618695,Indore - Harda Pkg-III [Nanasa to Pidgaon Section from km 95.000 to km 142.445],2026-06,2026-06,2026-04,2026-04,2.0,EXACT_T2_SNAPSHOT,True,NONE
618701,Balance work of 4L of Nauradehi Sanctuary de-scoped stretch of Hiran River to Sindoor River from Km. 66.00 to 130.00 NH-12 New NH-45,2026-06,2026-06,2026-04,2026-04,2.0,EXACT_T2_SNAPSHOT,True,NONE
618099,"Rehabilitation & up-gradation for Talere Gaganbawada - kolhapur Road NH 166G stretch start from km. 0/00 to Km. 06/00 and km. 13/00 to km 19/440 of NH-166G, length 12.440 km in the State of Maharashtra.",2026-06,2026-06,2026-04,2026-04,2.0,EXACT_T2_SNAPSHOT,True,NONE
618468,Vadodara Mumbai Expressway Phase II - Pkg XI [Km. 77.000 to Km. 103.400] Ganjad - Talsari,2026-06,2026-06,2026-04,2026-04,2.0,EXACT_T2_SNAPSHOT,True,NONE
618638,Tarsod - Fagne section of NH-6,2026-06,2026-06,2026-04,2026-04,2.0,EXACT_T2_SNAPSHOT,True,NONE
618652,Chakur Loha Section of NH-361 from km 114.600 to km 187.80,2026-06,2026-06,2026-04,2026-04,2.0,EXACT_T2_SNAPSHOT,True,NONE
619209,4L of existing 2/4L stretch from Lonand to Dive Ghat Km 166.400 to Km 220.900 of Mohol Alandi section of NH-965 Pkg - V,2026-06,2026-06,2026-04,2026-04,2.0,EXACT_T2_SNAPSHOT,True,NONE
618341,Up-gradation to 2-lane with paved shoulders of Ngopa - Pawlrang section of NH 102B of Aizawl - Imphal Economic Corridor from Existing Chainage km 32.796 to km 72.030 [Design Chainage km 31.280 to km 68.170] in the State of Mizoram under Bharatmala Pariyojna on EPC mode under NHO-NE Package-2 Keifang- Tuivai Pkg-2,2026-06,2026-06,2026-04,2026-04,2.0,EXACT_T2_SNAPSHOT,True,NONE
618381,Widening and up-gradation to 2-lane with paved shoulder configuration and geometric improvements from km 250.00 Lunglei to km 298.00 on Aizawl- Tuipang section under JICA ODA Loan assistance Phase-I Package-6,2026-06,2026-06,2026-04,2026-04,2.0,EXACT_T2_SNAPSHOT,True,NONE
618382,Widening and up-gradation to 2-lane with paved shoulder configuration and geometric improvements from km 298.00 to km 339.00 on Aizawl-Tuipang section under JICA ODA Loan assistance Phase-I Package-7,2026-06,2026-06,2026-04,2026-04,2.0,EXACT_T2_SNAPSHOT,True,NONE
618384,Widening and Up-gradation to 2- Lane with Paved Shoulder Configuration and geometric improvement from Km. 166. 000 to Km 208.000 Package-4 on Aizawl Tuipang Section of NH-54 in the State of Mizoram Package-4,2026-06,2026-06,2026-04,2026-04,2.0,EXACT_T2_SNAPSHOT,True,NONE
618771,6L of Varadharajula to Kumarajapet from km 0.000 to km 43.800 of NH-716B Pkg-I,2026-06,2026-06,2026-04,2026-04,2.0,EXACT_T2_SNAPSHOT,True,NONE
618532,6L of Aurangabad to Bihar-Jharkhand border Chordaha section from km. 209.827 to Km. 249.525 of NH-19 PKG-02,2026-06,2026-06,2026-04,2026-04,2.0,EXACT_T2_SNAPSHOT,True,NONE
618676,6L of Dhanara - Hatibena Section from Km 124.611 to km 146.50 of NH-130-CD Package OD-1,2026-06,2026-06,2026-04,2026-04,2.0,EXACT_T2_SNAPSHOT,True,NONE
618515,6L from Belgaum to Sankeshwar Bypass from Km. 515.000 to Km. 555.017 of NH-48 Pkg-I,2026-06,2026-06,2026-04,2026-04,2.0,EXACT_T2_SNAPSHOT,True,NONE
618624,Mangloor to Telangana Maharashtra Border,2026-06,2026-06,2026-04,2026-04,2.0,EXACT_T2_SNAPSHOT,True,NONE
618938,4L of Rajura-Korpana-Adilabad Road upto M.S. Border from km 32.910 to km 89.090 of NH-353B,2026-06,2026-06,2026-04,2026-04,2.0,EXACT_T2_SNAPSHOT,True,NONE
618760,4L Greenfield a Malout bypass from ch. Km 44.500 to ch. Km 35.500 on NH-07 and Ch. Km 0.000 to Km 6.984 on NH-09 bMandi Dabwali Bypass from Ch. 38.450 Km to Km 27.910 Pkg-02,2026-06,2026-06,2026-04,2026-04,2.0,EXACT_T2_SNAPSHOT,True,NONE
618935,4L Ambala - Kalaamb from Km. -0.800 to Km. 33.015 of old NH-72,2026-06,2026-06,2026-04,2026-04,2.0,EXACT_T2_SNAPSHOT,True,NONE
618755,4L of left out existing road section from Lalgopalganj Km 161.450 to Nawabganj Km 180.200 in Prayagraj,2026-06,2026-06,2026-04,2026-04,2.0,EXACT_T2_SNAPSHOT,True,NONE
619122,Akshardham - DL/UP Border Pkg-01,2026-06,2026-06,2026-04,2026-04,2.0,EXACT_T2_SNAPSHOT,True,NONE
618828,4L from Km 219.600 Khajuri to Km 260.483 Wyndhamganj on NH-75 Sec-V,2026-06,2026-06,2026-04,2026-04,2.0,EXACT_T2_SNAPSHOT,True,NONE
618912,Construction of Rudrapur Bypass Section from Km. 0.000 to 20.640 in the state of Uttar Pradesh & Uttarakhand,2026-06,2026-06,2026-04,2026-04,2.0,EXACT_T2_SNAPSHOT,True,NONE
619104,4L/2L PS of Govindpur Raiganj - Chas - WB border section of from km. 0.00 to km. 56.889 of Old NH-32,2026-06,2026-06,2026-04,2026-04,2.0,EXACT_T2_SNAPSHOT,True,NONE
618002,Widening of existing single lane to intermediate lane road from Mokokchung to Chare via Dikhu in the state of Nagaland on EPC mode,2026-06,2026-06,2026-04,2026-04,2.0,EXACT_T2_SNAPSHOT,True,NONE
618329,Construction of 4/6 Laning from Km 132.375 to Km 153.058 Total New Alignment length of 20.683 Km of Daboka-Dimapur Section Dimapur Bypass Nagaland Portion of NH-36 & 39 in the State of Nagaland on EPC basis under PhaseA of SARDP-NE,2026-06,2026-06,2026-04,2026-04,2.0,EXACT_T2_SNAPSHOT,True,NONE
617924,Construction of bypass to Nayagarh town from km 235.469 to 252.482 of NH-57 including land acquisition in the state of Odisha.,2026-06,2026-06,2026-04,2026-04,2.0,EXACT_T2_SNAPSHOT,True,NONE
618819,Balance work of Panikoili Rimoli Section of new NH-20 from Km 0.00 to Km. 163.000,2026-06,2026-06,2026-04,2026-04,2.0,EXACT_T2_SNAPSHOT,True,NONE
618913,4-L of Rajamunda to Barkote Section of NH-23 from km. 287.200 to km. 337.185,2026-06,2026-06,2026-04,2026-04,2.0,EXACT_T2_SNAPSHOT,True,NONE
619075,6L of Bhubaneswar - Jagatpur - Chandikhole Section of NH-16,2026-06,2026-06,2026-04,2026-04,2.0,EXACT_T2_SNAPSHOT,True,NONE
618487,Delhi-Amritsar-Katra Expressway Phase-I Pkg-VII from Junction with Patiala- Bathinda road NH-7 near Bhawanigarh to Junction with Ludhiana-Malerhkotla SH-11 near Bhogiwal village Km 188830 to km 225770,2026-06,2026-06,2026-04,2026-04,2.0,EXACT_T2_SNAPSHOT,True,NONE
617891,"Construction of Two lane with Paved Shoulder for Fatehpur Bypass Design Km 0.000 to Km 7.400 , Mandawa Bypass Design Km 20.925 to Km 27.300 & Jhunjhunu Bypass Design Km 41.625 to Km 54.689 of NH-11 on EPC Mode in the state of Rajasthan .",2026-06,2026-06,2026-04,2026-04,2.0,EXACT_T2_SNAPSHOT,True,NONE
617900,Upgradation to Two Lane Paved Shoulder in km 33/0 to 126/520 of NH-23 Old NH-11B Kothun-Lalsot-Karoli-Dholpur road in the state of Rajasthan under EPC mode Length-93.52 Km.,2026-06,2026-06,2026-04,2026-04,2.0,EXACT_T2_SNAPSHOT,True,NONE
618093,Up-gradation to 2 lane with Paved shoulder from Charbhuja at Design km 0.00 existing km 150.00 to Neechli Oden Nathdwara at Design ch. Km 88.800 existing km 55.950 of NH-162E on EPC mode.,2026-06,2026-06,2026-04,2026-04,2.0,EXACT_T2_SNAPSHOT,True,NONE
618118,Upgradation of two lane paved shoulder from Shahpura existing km. 0.00 Design Ch. 000 to Thanagazi existing Km.37352 Design Ch. 36810 of NH- 248A on EPC mode in the State of Rajasthan.,2026-06,2026-06,2026-04,2026-04,2.0,EXACT_T2_SNAPSHOT,True,NONE
618456,Delhi-Vadodara Greenfield Alignment NH-148N Pkg-14 Ch. 388.420 to Ch. 419.000 [Junction with NH- 76 to Junction with NH-12 near village Ummedpura],2026-06,2026-06,2026-04,2026-04,2.0,EXACT_T2_SNAPSHOT,True,NONE
619063,4L Greenfield spur from Delhi-Vadodara Greenfield expressway near Bandikui to Jaipur,2026-06,2026-06,2026-04,2026-04,2.0,EXACT_T2_SNAPSHOT,True,NONE
618562,Dindigul Bypass - Samyanallore from km. 373.275 to km. 426.00,2026-06,2026-06,2026-04,2026-04,2.0,EXACT_T2_SNAPSHOT,True,NONE
618743,Trichy 135.800 to Karur 218.000 section of NH-67 - Trichy Bypass,2026-06,2026-06,2026-04,2026-04,2.0,EXACT_T2_SNAPSHOT,True,NONE
618745,4L of Vadugapatti to Therkuvenganallur Rajapalyam section from km 36.000 to km 71.600 of NH-744,2026-06,2026-06,2026-04,2026-04,2.0,EXACT_T2_SNAPSHOT,True,NONE
618773,Tuticorin - Tirunelveli from km. 0.00 to km. 47.250,2026-06,2026-06,2026-04,2026-04,2.0,EXACT_T2_SNAPSHOT,True,NONE
618874,Four Laning of Trichy - Dindigul from km. 333.00 to km. 421.273 of NH-45,2026-06,2026-06,2026-04,2026-04,2.0,EXACT_T2_SNAPSHOT,True,NONE
618897,4L of Sethiyathope -Cholapuram section from Km. 65.960 to Km. 116.440 section of NH45 C Pkg-II,2026-06,2026-06,2026-04,2026-04,2.0,EXACT_T2_SNAPSHOT,True,NONE
618943,Salem - Ulundurpet section from km 0.313 to km 136.670 of NH-68,2026-06,2026-06,2026-04,2026-04,2.0,EXACT_T2_SNAPSHOT,True,NONE
619083,Thumbipadi-Namakkal from km. 180.00 to km. 248.625 Package No. NS- 2/BOT/TN-02,2026-06,2026-06,2026-04,2026-04,2.0,EXACT_T2_SNAPSHOT,True,NONE
619084,Start of Karur Bypass - Dindigul from km. 292.600 to km. 305.600 Contract Package No. NS2/BOT/TN-4,2026-06,2026-06,2026-04,2026-04,2.0,EXACT_T2_SNAPSHOT,True,NONE
617992,Rehabilitation & upgradation of NH - 167 from design km 187.723 to 234.434 Miryalaguda to Kodad section to two lane with paved shoulder on EPC mode in the state of Telangana,2026-06,2026-06,2026-04,2026-04,2.0,EXACT_T2_SNAPSHOT,True,NONE
617996,Widening to 2/4 Lane with paved shoulders from Km 182.120 to Km 227.600 of NH 167 on Haggari-Jadcherla Road on EPC mode under NHO in the state of Telangana,2026-06,2026-06,2026-04,2026-04,2.0,EXACT_T2_SNAPSHOT,True,NONE
618026,Rehabilitation and upgradation to two lane with paved shoulders from Km 0/000 to 72/6 of NH-365 Nakrekal to Tanamcherla section under NHDP IV in the state of Telangana under EPC mode,2026-06,2026-06,2026-04,2026-04,2.0,EXACT_T2_SNAPSHOT,True,NONE
618132,Widening & strengthening of existing carriageway in 2 lane with paved shoulders from km 25/0 to 59/2 design Ch km 25.467 to 59.200 of NH - 353C on EPC mode in the state of Telangana,2026-06,2026-06,2026-04,2026-04,2.0,EXACT_T2_SNAPSHOT,True,NONE
618142,Widening to Two lane with Paved shoulders from km.40/410 to 84/037 of Thirumanlagiri-- Suryapet Section of NH-365B earstwhile section of SH-16,2026-06,2026-06,2026-04,2026-04,2.0,EXACT_T2_SNAPSHOT,True,NONE
618143,widening to two lane with Paved shoulders from Km.0/970 to Km.40/410 of Jangaon - Thirumal giriof NH- 365B in the state of Telanganaon EPC mode under NHO Annual Plan 2016-17,2026-06,2026-06,2026-04,2026-04,2.0,EXACT_T2_SNAPSHOT,True,NONE
618386,Rehabilitation & Upgradation of Road from Km 0.00 to Km 18.600 Total length- 18.600 km of Kumarghat-Kailashahar section on NH-208 to 2-lane with Paved shoulder on EPC bais under NHO,2026-06,2026-06,2026-04,2026-04,2.0,EXACT_T2_SNAPSHOT,True,NONE
618008,"Construction of four-lane elevated viaduct from km.4634 to km.6345 on NH-24A including Retaining wall, service lane, at grade road and improvement of junctions, on EPC mode",2026-06,2026-06,2026-04,2026-04,2.0,EXACT_T2_SNAPSHOT,True,NONE
618110,Improvement and upgradation to two lane with Paved Shoulder configuration from existing km 55.00 to km 90.00 Design length 34.76 of NH-227A near Chhapia Village to near Sikriganj in the State of UP on EPC Mode.,2026-06,2026-06,2026-04,2026-04,2.0,EXACT_T2_SNAPSHOT,True,NONE
618498,6L Greenfield Kanpur - Lucknow Expressway Pkg II from km. 28.500 to km. 73.744,2026-06,2026-06,2026-04,2026-04,2.0,EXACT_T2_SNAPSHOT,True,NONE
618553,6L of Agra Bypass Northern connecting Km. 174.500 of NH-2 new NH-19 to Km. 141.000 of Yamuna Expressways,2026-06,2026-06,2026-04,2026-04,2.0,EXACT_T2_SNAPSHOT,True,NONE
618565,Strengthening of existing 4L Ayodhya Bypass Section from design Km. 121 600 to Km. 144020 of NH 28 New NH 27Pkg-3,2026-06,2026-06,2026-04,2026-04,2.0,EXACT_T2_SNAPSHOT,True,NONE
618770,4L Spur of Panipat - Shamli connecting NH-709AD Panipat Shamli Muzaffarnagar and NH-709A Karnal Meerut bypassing Shamli district UP,2026-06,2026-06,2026-04,2026-04,2.0,EXACT_T2_SNAPSHOT,True,NONE
618854,2L PS of Raebareli - Jagdishpur with 4L Jagdishpur Bypass Spur,2026-06,2026-06,2026-04,2026-04,2.0,EXACT_T2_SNAPSHOT,True,NONE
618855,"Improvement and Up-Gradation of Existing Road to 2/4L PS from Km 40.000 to 88.750, start of Khutar bypass to start of Shahjahanpur bypass of NH 731Pkg-I",2026-06,2026-06,2026-04,2026-04,2.0,EXACT_T2_SNAPSHOT,True,NONE
618864,4L from Mathura Bypass Start at Existing Km. 154.20 of NH-44 to Gaju Village at Km 32.982 of NH-530B Pkg-IB,2026-06,2026-06,2026-04,2026-04,2.0,EXACT_T2_SNAPSHOT,True,NONE
618865,4L from Gaju Village at Km. 32.982 to Devinagar Bypass End at Km. 208.000 of NH-530B Pkg-1C.,2026-06,2026-06,2026-04,2026-04,2.0,EXACT_T2_SNAPSHOT,True,NONE
618959,4L Prayagraj Greenfield By-pass from design Km 50860 near Nibi Kala Uperhar to design Km 64763 on NH-19 near Khodaypur Kasgaon including Interchange loop at NH-19,2026-06,2026-06,2026-04,2026-04,2.0,EXACT_T2_SNAPSHOT,True,NONE
617970,Reconstruction of existing 2 L/IL to 2L with paved shoulder from existing km 52.200 to 92.880 of NH-,2026-06,2026-06,2026-04,2026-04,2.0,EXACT_T2_SNAPSHOT,True,NONE
617975,Rehabilitation and upgradation to 2 lane with paved shoulder configuration from km 122.00 Dharasu Bend to km 147.230 Silkyara Bend of NH-94 in the state of Uttarakhand,2026-06,2026-06,2026-04,2026-04,2.0,EXACT_T2_SNAPSHOT,True,NONE
617253,Revamping of old sub-systems of Blast Furnace 3 at Bokaro Steel Plant,2026-06,2026-06,2026-04,2026-04,2.0,EXACT_T2_SNAPSHOT,True,NONE
701406,Rajiv Bhima Lift Irrigation Scheme,2026-07,2026-06,2026-04,2026-04,2.0,EXACT_T2_SNAPSHOT,True,NONE
702851,Pune Water Supply Infrastructure Project,2026-07,2026-07,2026-05,2026-05,2.0,EXACT_T2_SNAPSHOT,True,NONE
701343,Srikakulam Angul Gas Pipeline Project,2026-07,2026-07,2026-05,2026-05,2.0,EXACT_T2_SNAPSHOT,True,NONE
400078,New Mundra Panipat Crude Oil Pipeline,2026-07,2026-07,2026-05,2026-05,2.0,EXACT_T2_SNAPSHOT,True,NONE
611966,Transmission System for Evacuation of power from Potential RE Zone in Khavda Area of Gujarat under phase IV 7GW-Part E4,2026-07,2026-06,2026-04,2026-04,2.0,EXACT_T2_SNAPSHOT,True,NONE
617949,Tadipatri Bypass Km 0000 to Km 6285 of 4-Lane on NH-67 in Anantapuramu district of AP state under NHO on EPC Mode under Annual Plan 2022-23,2026-07,2026-01,2025-11,,,EXCLUDED_NO_OBSERVATION_BEFORE_T2,False,"Actual completion was 2026-01, requiring snapshot <= 2025-11, but earliest monitoring record is 2025-12."
618051,Rehabilitation and Upgrading of NH-707 OLD 72-B Package - 2 Hewna to Ashyari,2026-07,2025-12,2025-10,,,EXCLUDED_NO_OBSERVATION_BEFORE_T2,False,"Actual completion was 2025-12, requiring snapshot <= 2025-10, but earliest monitoring record is 2025-12."
617915,Upgradation of Dindori-Sagartola-kabichabutra MP-CG border section of NH -45 from km 000Design to km 77.00 Design to Two lane with paved shoulder configration along with one time improvement in 04 nos. of bypaased built-up areas in a total length of 9.1 km in the state of Madhya Pradesh on EPC mode.,2026-07,2026-03,2026-01,2026-01,2.0,EXACT_T2_SNAPSHOT,True,NONE
618136,Upgradatiobn and Rehabilitation of Section of NH 361 F from Parli 00/000 to Gangakhed 30/400 to Two Lanes with paved shoulder / Four lane configurations on EPC mode in the State of Maharashtra.,2026-07,2025-08,2025-06,,,EXCLUDED_NO_OBSERVATION_BEFORE_T2,False,"Actual completion was 2025-08, requiring snapshot <= 2025-06, but earliest monitoring record is 2025-12."
618175,Rehabilitation and Upgradation of Satana to Mangrul Chandwad Section of NH752 G Design Ch Km 64.000 to Ch Km 101.140 two lane with paved shoulder/four lane configuration in the state of Maharashtra on EPC mode.,2026-07,2026-02,2025-12,2025-12,2.0,EXACT_T2_SNAPSHOT,True,NONE
617887,Beawer Gomti 4LPS from km 58.245 to km 108.600 Pkg-I,2026-07,2025-12,2025-10,,,EXCLUDED_NO_OBSERVATION_BEFORE_T2,False,"Actual completion was 2025-12, requiring snapshot <= 2025-10, but earliest monitoring record is 2025-12."
617981,Widening to Two with Paved shoulders from Km 59.500 to Km 132.033 of Manneguda- Ravunapally section of NH-163 Erstwhile SH-4 in the State of Telangana on EPC mode under NH O Annual Plan 2016-17,2026-07,2024-10,2024-08,,,EXCLUDED_NO_OBSERVATION_BEFORE_T2,False,"Actual completion was 2024-10, requiring snapshot <= 2024-08, but earliest monitoring record is 2026-02."
617982,Widening and strengthening of existing 2-lane to 2- lane with paved shoulders from km 159/0 to 165/4 and 186/0 to 215/0 of NH-163 on EPC mode int the state of Telangana,2026-07,2024-11,2024-09,,,EXCLUDED_NO_OBSERVATION_BEFORE_T2,False,"Actual completion was 2024-11, requiring snapshot <= 2024-09, but earliest monitoring record is 2025-12."
617993,Rehabilitation and upgradation of NH-167 from design km 157.707 to 187.723 design length 30.016 km to two lane with paved shoulders of Alinagar- Miryalaguda Sec on EPC mode in the state of Telangana,2026-07,2025-12,2025-10,,,EXCLUDED_NO_OBSERVATION_BEFORE_T2,False,"Actual completion was 2025-12, requiring snapshot <= 2025-10, but earliest monitoring record is 2026-02."
618749,Khammam-Devarapalle Pkg V [4L Access Controlled Greenfield from Gurvaygudem village to Devarapalle village Design Chainage 132664 to 162126,2026-07,2026-05,2026-03,2026-03,2.0,EXACT_T2_SNAPSHOT,True,NONE
618460,Delhi-Vadodara Greenfield Alignment NH-148N Pkg-28 Ch.756052 to Ch.781282,2026-07,2026-04,2026-02,2026-02,2.0,EXACT_T2_SNAPSHOT,True,NONE
618833,Kodinar - Veraval Package VI from km. 221.610 to km. 263.00 of NH-8E & km. 120.900 to km. 121.150 of NH-8D,2026-07,2026-05,2026-03,2026-03,2.0,EXACT_T2_SNAPSHOT,True,NONE
619146,Kagvadar - Una Package-IV,2026-07,2026-06,2026-04,2026-04,2.0,EXACT_T2_SNAPSHOT,True,NONE
618577,Dwarka Expressway Pkg-III Delhi/HR Border to Start of RoB Gurugram,2026-07,2024-05,2024-03,,,EXCLUDED_NO_OBSERVATION_BEFORE_T2,False,"Actual completion was 2024-05, requiring snapshot <= 2024-03, but earliest monitoring record is 2026-02."
619291,4L Poanta SahebMednipur from Km. 435.65 to km. 458.65 of NH-07Pkg-1,2026-07,2026-03,2026-01,,,EXCLUDED_NO_OBSERVATION_BEFORE_T2,False,"Actual completion was 2026-03, requiring snapshot <= 2026-01, but earliest monitoring record is 2026-03."
619113,4L of Padalur - Trichy section from km. 285.00 to km. 325.00 of NH - 45 Pkg VI-C,2026-07,2026-02,2025-12,,,EXCLUDED_NO_OBSERVATION_BEFORE_T2,False,"Actual completion was 2026-02, requiring snapshot <= 2025-12, but earliest monitoring record is 2026-01."
618692,Aligarh-Kanpur Pkg I [Aligarh-Bhadwas],2026-07,2024-12,2024-10,,,EXCLUDED_NO_OBSERVATION_BEFORE_T2,False,"Actual completion was 2024-12, requiring snapshot <= 2024-10, but earliest monitoring record is 2026-02."
618432,Construction of Balance work of 2-Lane with PS of Joram-Koloriang Road NH- 713 on EPC basis from Design Km 44.989 to Km 61.547 Existing Km 50.050 to Km 70.000 in the state of Arunachal Pradesh under SARDP-NE Pkg-3,2026-07,2024-09,2024-07,,,EXCLUDED_NO_OBSERVATION_BEFORE_T2,False,"Actual completion was 2024-09, requiring snapshot <= 2024-07, but earliest monitoring record is 2025-12."
618342,Rehabilitation and upgradation to 2 Lane with Paved shoulder of Economic corridor of NH-6 from Design chaiange Km 0.000 to Km 13.510 Package-1 in the state of Mizoram under Bharatmala Pariyojana on EPC mode,2026-07,2024-06,2024-04,,,EXCLUDED_NO_OBSERVATION_BEFORE_T2,False,"Actual completion was 2024-06, requiring snapshot <= 2024-04, but earliest monitoring record is 2025-12."
618343,"Rehabilitation and Up gradation to 2-lane with paved shoulder of Keifang Section Economic Corridor of NH-06 from Existing Chainage Km 30050 Keifang to Km 50360 Keifang, Design Chainage Km 27400 to Km 45040 PkgIII in the State of Mizoram under Bharatmala Pariyojna on EPC Mode Seling-Dulte - III",2026-07,2024-10,2024-08,,,EXCLUDED_NO_OBSERVATION_BEFORE_T2,False,"Actual completion was 2024-10, requiring snapshot <= 2024-08, but earliest monitoring record is 2025-12."
